BELLA ESTHER,REGALERIAS,-38.8994834,-70.0658749
BRUSA,BEBES - NIÑOS,-38.946261,-68.230693
IMPS - MELEWE,HOSPEDAJE-CABAÑAS-ALQUILER DE DEPARTAMENTOS,-38.9512196,-68.0702799
MAS MOTOR,AUTOMOTOR- REPUESTOS - ACCESORIOS - AUTOPARTES,-38.9598347,-68.0569863
1920,CAFETERÍA Y PASTELERÍA,-38.9538852,-68.063241
2 JULIO,SUPERMERCADOS,-38.9436912,-69.2429496
47 STREET,TIENDAS,-38.9399439,-67.998536
A BRILLAR MI AMOR,TIENDAS,-40.1581233,-71.3542741
A GRANEL TODO SUELTO,ALMACEN NATURAL,-38.9687825,-68.0527579
A GRANEL TODO SUELTO,ALMACEN NATURAL,-38.9546883,-68.1004607
ABANICO TELAS,SEDERIAS - TELAS - ARTICULOS TEXTILES,-38.94101,-67.9976465
ABC GODOY LIBRERIA,LIBRERIAS ESCOLARES Y DE OFICINA,-38.9433886,-68.1175015
ABERTURAS ANAY,ABERTURAS,-38.95415,-68.0664039
ABRIL,TIENDAS,-38.9496806,-68.0416188
ACCESORIOS LA UNION,AUTOMOTOR- REPUESTOS - ACCESORIOS - AUTOPARTES,-38.9598609,-68.06895
ADHARA,TIENDAS,-38.9516784,-68.0591888
ADICTIVA,INDUMENTARIA FEMENINA,-39.2378375,-70.9188336
ADONAI,INDUMENTARIA URBANA Y CALZADOS,-38.820943,-68.144457
ADONIS,INDUMENTARIA DEPORTIVA,-38.9510055,-68.1177352
ADONIS ESTETIC GROUP,PELUQUERIAS,-38.9370785,-68.000536
AEROBIC DEPORTES,INDUMENTARIA DEPORTIVA,-38.8279401,-68.1343926
AEROBIC OULETT,INDUMENTARIA DEPORTIVA,-38.8239769,-68.1401524
AF TIENDA DE AROMAS,VENTA Y ALQUILER DE AROMATIZADORES,-38.9348955,-69.2288786
AFRICA MIA 2,REGALERIAS,-38.9373953,-69.2297938
AGATA,BEBES - NIÑOS,-40.1566581,-71.3504164
AGROFAR,VETERINARIAS - ACCESORIOS PARA MASCOTAS,-38.6825978,-68.2130066
AGROSCAR,VETERINARIAS - ACCESORIOS PARA MASCOTAS,-38.9505739,-68.1123364
AGUA PURA,PURIFICADORES Y FILTROS DE AGUA,-38.9537378,-68.0765238
AGUA Y GAS,FERRETERIAS,-38.9566583,-68.2276486
AHI VIENE JUANITA,TIENDAS,-38.9542558,-68.227026
AHIJUNA LOMOS Y CAFÉ,RESTAURANTES - BARES - PARRILLAS,-38.938579,-67.998344
AIRQUEN,TRANSPORTES - ENCOMIENDAS,-38.9529503,-68.2247747
ALARMAS KITAWA,ALARMAS VENTA E INSTALACION,-38.9587469,-68.039491
ALBAR MUEBLES,MUEBLERIAS,-38.9527553,-68.0683252
ALENIS,MARROQUINERIAS,-38.9532185,-68.0596205
ALESSIA,LENCERIAS,-39.0231501,-67.5424954
ALFIS JEANS,TIENDAS,-38.958092,-68.058112
ALFONSA,TIENDAS,-38.8245749,-68.1395569
ALGO PARA ENAMORAR,LENCERIAS,-38.8298976,-68.1227869
ALIHER INTERIORES,MUEBLERIAS,-38.8334109,-68.1223253
ALIHUEN,TIENDAS,-40.154437,-71.3492188
ALKIMIA,TIENDAS,-38.9550912,-68.0618367
ALLEN MAT,CORRALONES - MADERERAS,-38.9808773,-67.8134911
ALMACEN B ECOTIENDA,ALMACEN NATURAL,-38.9538031,-68.0674296
ALMACEN DE SUSPIROS,REGALERIAS,-39.951599,-71.07046
ALMACEN DE VINOS,VINOTECAS,-38.9507154,-68.0795758
ALMACEN LAS BRUJAS,ALMACEN DE RAMOS GENERALES,-40.1556527,-71.3112203
ALQUIMIA,INDUMENTARIA URBANA Y CALZADOS,-40.8120453,-65.0905245
ALTA PATAGONIA,ARTICULOS DE CAMPING-CAZA-PESCA,-38.9583775,-68.052361
ALUMINE MUEBLES,ARTICULOS PARA EL HOGAR,-38.9302154,-67.9875826
AM,TIENDAS,-38.9329643,-67.9751897
AMADO MAITEN,REGALERIAS,-39.9507715,-71.0693485
AMANECER,TIENDAS,-37.3764704,-70.2736606
AMASANDO SUEÑO SAS,PANADERIAS Y CONFITERIAS,-38.8277649,-68.1255117
AMATISTA,JOYERIAS - RELOJERIAS,-38.9812924,-67.846651
AMNESIA,INDUMENTARIA FEMENINA,-38.901911,-70.066148
AMUYEN III,FARMACIAS,-38.9377552,-69.2294588
ANDRE PLAST BAZAR,BAZAR,-38.9324282,-67.9875025
ANGELA,SUPERMERCADOS,-38.9446195,-68.1926737
ANGHELUS,BLANCO,-37.3896922,-68.9251836
ANLOGAFF SH,OPTICAS,-40.154567,-71.3489663
ANNAMA PERFUMERIA,PERFUMERIAS,-38.9068627,-70.0642189
ANTONELLA CALZADO,ZAPATERIAS,-38.977754,-67.8283812
ANTONIO PAN E HIJOS,CORRALONES - MADERERAS,-38.959157,-68.04997
ANTONIO PAN E HIJOS,CORRALONES - MADERERAS,-38.9125217,-68.1427062
ANYERI,TIENDAS,-40.1561237,-71.3498085
APRILISS,VAQUERIAS Y ROPA INFORMAL,-39.9518118,-71.075166
ARENS SERVICIOS,NEUMATICOS,-38.9323405,-69.2185856
ARGENTINA HOGAR,MUEBLERIAS,-38.9576334,-68.2379981
ARIDOS DEL NEUQUEN,ARIDOS,-38.9420907,-68.1154742
ARROBA MIL,COMPUTACION,-39.951841,-71.0695955
ARTESANIAS NEUQUINAS SEP,ARTESANIAS Y TEJIDOS,-38.9530707,-68.0618071
ARTISTICA BORBOLETA,LIBRERÍA ARTISTICA,-38.9380355,-67.9903526
ARTISTICA LIBELULA,LIBRERÍA ARTISTICA,-38.9418962,-68.1163016
ASERRADERO HUECHULAFQUEN,CARPINTERIA ARTESANAL - MADERERAS,-40.1572103,-71.3524436
ASERRADERO PAIMUN,CARPINTERIA ARTESANAL - MADERERAS,-38.9581612,-68.028487
ASMIR,TIENDAS,-38.8324824,-68.1493557
ASOCIACION DEPORTIVA CENTENARIO,ASOCIACIONES - CLUBES,-38.8286279,-68.124018
ASTROMELIA,INDUMENTARIA DEPORTIVA,-38.9083693,-70.0604786
ATAVIO,TIENDAS,-40.1568154,-71.3495018
ATELIER DEL PEINADOR,ARTICULOS DE PELUQUERIA,-38.9593069,-68.061454
ATELIER DEL PEINADOR,ARTICULOS DE PELUQUERIA,-38.9391597,-67.9934878
ATHENEA,TIENDAS,-38.9520344,-68.0574035
AUTO FREN,AUTOMOTOR- REPUESTOS - ACCESORIOS - AUTOPARTES,-38.9283813,-67.9903214
AUTOPARTES DIAGONAL,AUTOMOTOR- REPUESTOS - ACCESORIOS - AUTOPARTES,-38.9591284,-68.0680307
AUTOPARTES PLOTTIER,AUTOMOTOR- REPUESTOS - ACCESORIOS - AUTOPARTES,-38.9451413,-68.2295318
AUTOPARTES TOP CAR,AUTOMOTOR- REPUESTOS - ACCESORIOS - AUTOPARTES,-40.1539403,-71.3395967
AUTOSERVICIO AIXIN,SUPERMERCADOS,-38.9259308,-67.9971344
AUTOSERVICIO ANULEN 2,MERCADOS - AUTOSERVICIOS,-39.9478351,-71.0851999
AUTOSERVICIO CENTRO,SUPERMERCADOS,-38.9531087,-68.0589193
AUTOSERVICIO DON CARLOS,SUPERMERCADOS,-40.8108283,-65.0943303
AUTOSERVICIO EL DIEGO,SUPERMERCADOS,-39.9480563,-71.0689081
AUTOSERVICIO EL SOL,MERCADO Y VENTA DE BEBIDAS ALCOHOLICAS,-37.3897004,-68.9251589
AUTOSERVICIO HUEMUL,CARNICERIAS,-39.9516614,-71.0758564
AUTOSERVICIO ISIDORO,MERCADOS - AUTOSERVICIOS,-38.9345884,-67.9717615
AUTOSERVICIO LA FAMILIA,MERCADOS - AUTOSERVICIOS,-40.1510358,-71.3170699
AUTOSERVICIO LOLO,SUPERMERCADOS,-38.9231535,-67.9875393
AUTOSERVICIO MB,MERCADOS - AUTOSERVICIOS,-39.9489115,-71.0693723
AUTOSERVICIO PIL PIL,CARNICERIAS,-40.1547905,-71.3519355
AUTOSERVICIO SANTIAGO,MERCADOS - AUTOSERVICIOS,-38.9446192,-68.2260337
AUTOSERVICIO SANTO TOMAS,SUPERMERCADOS,-38.7243925,-68.1621256
AUTOSERVICIO TOMASITO,MERCADOS - AUTOSERVICIOS,-38.9298655,-67.9987486
AUTOSERVICIO TRAPITO`S,MERCADOS - AUTOSERVICIOS,-38.9353326,-69.231418
AUTOSERVICIO VICTOR,MERCADOS - AUTOSERVICIOS,-38.947801,-68.051135
AVELLANEDA TELAS,SEDERIAS - TELAS - ARTICULOS TEXTILES,-38.9062106,-70.0645608
AVENTURA,TIENDAS,-38.9531405,-68.2254694
AVIKUKY,TIENDAS,-38.9391695,-67.9902481
AXION ENERGY,ESTACIONES DE SERVICIO,-38.9549013,-68.1178869
AXION ENERGY,ESTACIONES DE SERVICIO,-38.9473683,-68.2870818
AXION ENERGY,ESTACIONES DE SERVICIO,-38.9485145,-68.0620004
AXION ENERGY,ESTACIONES DE SERVICIO,-38.9322643,-68.0078342
AY! RICO RICO,RESTAURANTES - BARES - PARRILLAS,-38.8229498,-68.0745258
AZÚCAR,RESTAURANTES - BARES - PARRILLAS,-38.957827,-68.0587149
B Y N CALZADOS S.A.S,ZAPATERIAS,-38.9381851,-67.994918
BABY SHOP,TIENDAS,-38.8256396,-68.1388882
BAHAMONDES REPUESTOS,AUTOMOTOR- REPUESTOS - ACCESORIOS - AUTOPARTES,-38.9516784,-68.0591888
BAHIQUEN AMOBLAMIENTOS,MUEBLERIAS,-38.9516784,-68.0591888
BAIROLETTO,ROTISERIAS,-38.939681,-67.998558
BALLIS AUTOPARTES,AUTOMOTOR- REPUESTOS - ACCESORIOS - AUTOPARTES,-38.9499834,-68.1007231
BAMBINOS,BEBES - NIÑOS,-38.9541951,-68.2260877
BAPU,TIENDAS,-38.938755,-69.2314061
BASICOS LIMON,TIENDAS,-38.9279276,-67.9907273
BASICOSMA,MERCERIA,-40.1555557,-71.3536811
BATERIAS LEIMAT S.A,AUTOMOTOR- REPUESTOS - ACCESORIOS - AUTOPARTES,-38.944196,-67.9908252
BATERIAS RI-GAS,REPARACION Y VENTA DE ACUMULADORES,-38.827752,-68.1442932
BATERIAS SCHWAB,BATERIAS,-38.9309337,-69.1950736
BAZAR KADIMA,BAZAR,-38.9780781,-67.8299176
BEAUTIFUL,TIENDAS,-38.9778499,-67.8291536
BEAUTY PELUQUERÍA,PELUQUERIAS,-39.9484321,-71.0721889
BEITIA MOTOS,MOTOS - VENTA Y REPUESTOS,-38.933233,-68.0022039
BELLA BOUTIQUE,TIENDAS,-38.9508876,-68.0695545
BELLS BOUTIQUE,TIENDAS,-38.958232,-68.058941
BELLS JUNIORS,BEBES - NIÑOS,-38.958517,-68.05953
BELLS MEGASTORE,TIENDAS,-38.957772,-68.0594979
BENDITA,TIENDAS,-38.95097,-68.0606115
BENICIO,TIENDAS,-38.958107,-68.056438
BENITO FERRETERIA,FERRETERIAS,-37.3774677,-70.2738473
BEST FOOD,BAR - CONFITERIA,-38.9511424,-68.0595775
BESTIA Y BELLA,INDUMENTARIA URBANA Y CALZADOS,-38.9474034,-68.0888647
BETEL,TIENDAS,-38.9351134,-68.2332987
BETHEL,TIENDAS,-39.9535149,-71.0767681
BICICLETERIA ATENCIO,BICICLETAS - RODADOS,-38.8234076,-68.1410446
BICICLETERIA EGGERS,BICICLETAS - RODADOS,-38.95641,-68.07033
BICICLETERIA EL POLACO,BICICLETAS - RODADOS,-38.9337777,-69.2302786
BICICLETERIA INGUSCI,BICICLETAS - RODADOS,-38.9798513,-67.8298778
BICICLETERIA MARTIN,BICICLETAS - RODADOS,-38.9444791,-67.9907044
BICICLETERIA VICTORIA,BICICLETAS - RODADOS,-38.9389104,-68.0841617
BIM MATERIALES ELECTRICOS,ELECTRICIDAD - ILUMINACION,-38.9579141,-68.0617705
BIOS COMPUTACION,COMPUTACION,-37.3912655,-68.924241
BLANCOAMOR,MUEBLERIAS,-38.9591629,-68.0658697
BLANCOAMOR,MUEBLERIAS,-38.9505874,-68.2256218
BLANCOAMOR,MUEBLERIAS,-38.9378321,-67.9913612
BLANCOAMOR CENTRAL,MUEBLERIAS,-38.9407718,-68.054018
BOCATA CAFE,MERCADOS - AUTOSERVICIOS,-38.9386204,-67.9990019
BON APPETIT !,ROTISERIAS,-38.9622995,-68.0640923
BORCEGOS LUNA,INDUMENTARIA URBANA Y CALZADOS,-40.1530264,-71.318454
BOUTIQUE LA BELLA GENTE,BOUTIQUE,-38.9577951,-68.0595488
BRISA TENDENCIA,SEDERIAS - TELAS - ARTICULOS TEXTILES,-38.9487156,-68.1172782
BRUGGE SWETTERS,TIENDAS,-38.953071,-68.0571059
BRUJA´S LENCERIA,LENCERIAS,-38.93788,-67.995762
BUFFOLO ELECTRICIDAD,ELECTRICIDAD - ILUMINACION,-38.9367352,-67.9977506
BULONERA CIPOLLETTI,BULONES,-38.9397007,-67.9886852
BULONERIA GONZALEZ,BULONES,-38.630696,-68.297995
BUTTER-CUP,MERCERIA,-38.9506156,-68.0619514
C Y C INDUMENTARIA,INDUMENTARIA FEMENINA,-38.9329003,-69.2247307
C.N. ALDAY,HIERROS - PRODUCTOS METALURGICOS,-38.9342663,-69.2273928
Caballito Blanco,TIENDAS,-38.9538852,-68.063241
CABILDO,RESTAURANTES - BARES - PARRILLAS,-38.9708756,-68.0622837
CACTUS,TIENDAS,-38.8274705,-68.1350722
CALLUAN HNOS,ELECTRICIDAD DEL AUTOMOTOR,-38.8235503,-68.1324085
CALZADOS 10 PUNTOS,ZAPATERIAS,-38.9571306,-68.0576561
CALZADOS 10 PUNTOS,ZAPATERIAS,-38.9483562,-68.2281594
CALZADOS 10 PUNTOS (CIPOLLETTI,ZAPATERIAS,-38.9287247,-67.9904908
CALZADOS 10 PUNTOS S.R.L.,ZAPATERIAS,-38.937452,-67.995598
CALZADOS 10 PUNTOS S.R.L.,ZAPATERIAS,-38.9421215,-68.1149495
CALZADOS HILDA,ZAPATERIAS,-38.9509708,-68.2263235
CALZADOS JUAN CRUZ,ZAPATERIAS,-38.9295831,-67.9906751
CALZADOS JUAN CRUZ,ZAPATERIAS,-38.9346662,-67.9877051
CALZADOS NAMUN,TIENDAS,-40.1572266,-71.3514375
CALZADOS NAMUN,TIENDAS,-40.1539785,-71.3433977
CALZADOS NEUQUEN,TIENDAS,-38.9516784,-68.0591888
CALZADOS NEUQUEN,TIENDAS,-38.9571267,-68.0582464
CALZADOS PASO A PASO,ZAPATERIAS,-38.8244644,-68.1396711
CAMPANA DOS S.A.,TRANSPORTES - ENCOMIENDAS,-38.9581216,-68.1054296
CANDY SHOP,CHOCOLATERIAS,-38.9388873,-67.9980654
CANELA BIJOU,BIJOUTERIE -ACCESORIOS,-38.905255,-70.0652367
CANTA Y NO LLORES,REGALERIAS,-38.9506869,-68.0576969
CAOS OUTFITTERS,TIENDAS,-38.8281281,-68.1344603
CAPELLI,PERFUMERIAS,-38.9521811,-68.0620079
CAPRICHITOS,BEBES - NIÑOS,-40.1266884,-71.2486156
CARAMELO,BEBES - NIÑOS,-38.9516784,-68.0591888
CARMEN,LANAS,-38.8236488,-68.0655061
CARNICERIA CARLITOS,CARNICERIAS,-38.9504453,-68.0893923
CARNICERIA EL ASADOR,CARNICERIAS,-38.9533869,-68.1311293
CARNICERIA EL CORDOBES,CARNICERIAS,-38.9508831,-68.0701844
CARNICERIA EL NOVILLITO,CARNICERIAS,-40.1556949,-71.3495926
CARNICERIA EL TORITO,CARNICERIAS,-38.9562804,-68.0926905
Carnicería Hereford,CARNICERIAS,-38.9813039,-67.8310535
CARNICERIA LAS 3 HERMANAS,CARNICERIAS,-38.824558,-68.1396249
CARNICERIAS MYM,CARNICERIAS,-40.1572614,-71.3518682
CAROLA DIVINOS REGALOS,REGALERIAS,-38.9518983,-68.0562593
CAROLA MARROQUINERÍA Y ACCESORIOS,MARROQUINERIAS,-38.9527461,-68.0564582
CAROSO INDUMENTARIA,INDUMENTARIA URBANA Y CALZADOS,-38.9350689,-68.2478264
CASA ARCE,TIENDAS,-38.9050861,-70.0648768
CASA BETTY,TIENDAS,-37.3756234,-70.272875
CASA BONELLI,INSTRUMENTOS MUSICALES - VENTA,-38.9508378,-68.0674733
CASA CARAM,TIENDAS,-38.5238888,-70.3640077
CASA DI-TEN,REPARACION DE ARTICULOS DEL HOGAR,-38.9528991,-68.0703535
CASA ELEKTRA,ELECTRICIDAD - ILUMINACION,-38.95819,-68.064955
CASA LA PRIMERA,JOYERIAS - RELOJERIAS,-39.9525038,-71.0703711
CASA LEE,TIENDAS,-38.9391061,-67.997115
CASA LIS,BIJOUTERIE -ACCESORIOS,-38.8260542,-68.0668064
CASA MEYER,MUEBLERIAS,-39.5179784,-69.2890865
CASA ORDOÑEZ,FERRETERIAS,-37.3748837,-70.2737936
CASA PIDARELLO,ALMACEN DE RAMOS GENERALES,-38.8335577,-68.1210211
CASA ROCA,FERRETERIA CON ANEXO CORRALON DE MATERIALES,-38.7559532,-68.0994385
CASA ROSI,BIJOUTERIE -ACCESORIOS,-38.935157,-69.2301336
CASA SANCHEZ,JUGUETERIAS,-38.9776871,-67.8280405
CASA TORRENS,BAZAR,-38.9592009,-68.0526765
CASA TORRENS,BAZAR,-38.9450882,-68.0587696
CASA TRUTANIC,AUTOMOTOR- REPUESTOS - ACCESORIOS - AUTOPARTES,-38.8307219,-68.1239303
CASINO DEL RIO,HOSPEDAJE-CABAÑAS-ALQUILER DE DEPARTAMENTOS,-38.9467449,-68.0150948
CASTEL,LIBRERIAS ESCOLARES Y DE OFICINA,-37.3756233,-70.2747062
CAUQUEN,LIBRERIAS ESCOLARES Y DE OFICINA,-39.9485446,-71.0656783
CE - MAR MUEBLERIA,MUEBLERIAS,-38.9377552,-69.2294588
CENTER JUGUETERIA,JUGUETERIAS,-38.932952,-69.229615
CENTER PERFUMERIA,ARTICULOS DE LIMPIEZA,-38.9324282,-67.9875025
CENTRO COMERCIAL TASSONE,TIENDAS,-38.9055239,-70.0631267
CENTRO DE PESCA & OUTDOORS,ARTICULOS DE CAMPING-CAZA-PESCA,-38.9589604,-68.0665913
CHACHA COIFFEUR,PELUQUERIAS,-38.9352607,-69.2309065
CHANGE,ZAPATERIAS,-38.967577,-68.0596599
CHAÑAR HOGAR,ARTICULOS PARA EL HOGAR,-38.631921,-68.2968125
CHAPERMAN,AUTOMOTOR- REPUESTOS - ACCESORIOS - AUTOPARTES,-38.9581488,-68.0518457
CHARMS,TIENDAS,-38.9378502,-67.9957804
CHEVROCAR,AUTOMOTOR- REPUESTOS - ACCESORIOS - AUTOPARTES,-38.955117,-68.077229
CHIARA,TIENDAS,-38.9396222,-67.994679
CHIQUIN FUEGOS Y COCINA,RESTAURANTES - BARES - PARRILLAS,-38.9513779,-67.9938667
CHOCOLATE,TIENDAS,-38.9796429,-67.8255108
CHOCOLATES ABOLENGO,CHOCOLATERIAS,-40.1567828,-71.350927
CHOCOLATES DEL SUR,CHOCOLATERIAS,-39.9509827,-71.0684248
CIBAYI,TIENDAS,-38.9504378,-68.2254439
CICLES CUELLO,BICICLETAS - RODADOS,-38.8290392,-68.0590941
CICLISMO MAURI,BICICLETAS - RODADOS,-38.9347912,-68.10599
CIOCCOLATO,DISTRIBUCION DE GOLOSINAS Y PROD ALIMENTICIOS,-38.9782123,-67.8298031
CIRCULO ODONTOLOGICO DEL NEUQUEN,ODONTOLOGIA,-38.950596,-68.054586
CJS INDUMENTARIA,INDUMENTARIA URBANA Y CALZADOS,-40.1582655,-71.3547749
CJS INDUMENTARIA HOMBRES,INDUMENTARIA MASCULINA,-40.1582655,-71.3547749
CLAUDIA MOREIRA PELUQUERIA UNI,PELUQUERIAS,-38.8250365,-68.1386683
CLAUDIS,PELUQUERIAS,-38.9395314,-67.9733393
CLAVE DE SUR,INSTRUMENTOS MUSICALES - VENTA,-38.940855,-67.9954711
CLICK ILUMINACIÓN,ELECTRICIDAD - ILUMINACION,-37.3788567,-70.2707099
CLOSET- Lengerie,LENCERIAS,-38.8283048,-68.0669427
COCINEROS PATAGONICOS,COLEGIOS - INSTITUTOS,-38.952576,-68.0415837
COCODRILO,VAQUERIAS Y ROPA INFORMAL,-38.9516784,-68.0591888
COFRE NEUMATICOS,NEUMATICOS,-38.9572646,-68.2360218
COLCHONERIA IDEAL,COLCHONERIAS,-38.9324282,-67.9875025
COLCHONERIA IDEAL,COLCHONERIAS,-38.9597849,-68.055083
COLEGIO PABLO BESSON,COLEGIOS - INSTITUTOS,-38.9365022,-67.995578
COLLEGE UNIFORMES,UNIFORMES,-38.961363,-68.0561709
COLON 1,SUPERMERCADOS,-38.955019,-68.078773
COLON 1,SUPERMERCADOS,-38.9547177,-68.0795819
COLON 2,SUPERMERCADOS,-38.9545632,-68.1162035
COLOR SHOP,PINTURERIAS,-38.9802682,-67.8302963
COLOR SUR,PINTURERIAS,-38.956006,-68.045092
COLOR SUR PINTURERIAS,PINTURERIAS,-38.9376572,-67.9928291
COLORES,LIBRERIAS ESCOLARES Y DE OFICINA,-38.8257581,-68.1387036
COLORIN COLORADOS,JUGUETERIAS,-38.9779777,-67.8258444
COLORSHOP,PINTURERIAS,-38.9591577,-68.0696416
COLORSHOP,PINTURERIAS,-38.9386701,-67.9794396
COLORSHOP NEUQUEN,PINTURERIAS,-38.9417483,-68.1327358
COLORSHOP RINCON,PINTURERIAS,-37.3969613,-68.9248696
COLORSHOP VILLA REGINA,PINTURERIAS,-39.0938885,-67.1003556
COLORSHOW,PINTURERIAS,-39.0292343,-67.5766862
COMERCIAL CONFLUENCIA S.R.L.,CORRALONES - MADERERAS,-38.959579,-68.033346
COMO EN CASA,RESTAURANTES - BARES - PARRILLAS,-40.8091435,-65.0856929
COMPLEJO ASPEN,HOSPEDAJE-CABAÑAS-ALQUILER DE DEPARTAMENTOS,-40.1608822,-71.3505756
COMPLEJO TERMAL COPAHUE - CAVIAHUE,COSMETICA TERMAL,-37.8185344,-71.0978389
COMPRA-VENTA LA ECONOMICA,AMOBLAMIENTOS - COMPRA Y VENTA,-38.822813,-68.0641968
COMPUCINCO,COMPUTACION,-38.8253932,-68.0674697
CONE REPUESTOS,AUTOMOTOR- REPUESTOS - ACCESORIOS - AUTOPARTES,-39.9443535,-71.0723891
CONFITERÍA LA IDEAL,BAR - CONFITERIA,-39.9502014,-71.0713459
CONS. ODONT. CASTILLO MANUEL,ODONTOLOGIA,-38.8257581,-68.1387036
CONSULTORIO DRA VANCIN,CLINICAS Y CENTROS MEDICOS,-38.9774378,-68.050168
CONVIDAME,DIETETICAS,-38.9538812,-68.2262063
COOP OBRERA BS AS- LA PAMPA,SUPERMERCADOS,-38.6996509,-62.275207
COOP. AGUA POTABLE PLOTTIER,SERVICIOS,-38.959279,-68.2416766
COOP. TELEF. CENTENARIO S.A.,SERVICIOS,-38.8300463,-68.1394142
COOP. TELEFONICA CENTENARIO,SERVICIOS,-38.827752,-68.1442932
COOPERATIVA OBRERA,SUPERMERCADOS,-38.9549489,-68.0625573
COOPERATIVA OBRERA,SUPERMERCADOS,-38.9688134,-68.0503389
COOPERATIVA OBRERA,SUPERMERCADOS,-38.9352386,-69.2482575
COOPERATIVA OBRERA,SUPERMERCADOS,-38.8285346,-68.0673098
COOPERATIVA OBRERA,SUPERMERCADOS,-37.1788822,-70.6676329
COOPERATIVA OBRERA,SUPERMERCADOS,-39.422148,-65.704757
COOPERATIVA OBRERA,SUPERMERCADOS,-39.31293,-65.7598
COOPERATIVA OBRERA,SUPERMERCADOS,-38.9948272,-64.0973428
COOPERATIVA OBRERA,SUPERMERCADOS,-40.8148172,-63.0051599
COOPERATIVA OBRERA,SUPERMERCADOS,-39.0932229,-67.0849259
COOPERATIVA OBRERA,SUPERMERCADOS,-39.0972189,-67.0870022
COOPERATIVA OBRERA,SUPERMERCADOS,-38.9556886,-67.9210023
COOPERATIVA OBRERA,SUPERMERCADOS,-38.9541021,-67.9292299
COOPERATIVA OBRERA,SUPERMERCADOS,-39.0276411,-67.5830363
COOPERATIVA OBRERA,SUPERMERCADOS,-39.0294044,-67.5697482
COOPERATIVA OBRERA,SUPERMERCADOS,-39.0273212,-67.5581617
COOPERATIVA OBRERA,SUPERMERCADOS,-39.070007,-67.236834
COOPERATIVA OBRERA,SUPERMERCADOS,-38.9783321,-67.8402484
COOPERATIVA OBRERA,SUPERMERCADOS,-37.8826635,-67.7985386
COOPERATIVA OBRERA,SUPERMERCADOS,-39.164556,-66.146014
COOPERATIVA OBRERA,SUPERMERCADOS,-39.292836,-65.6599993
COOPERATIVA OBRERA,SUPERMERCADOS,-39.292836,-65.6599993
COOPERATIVA OBRERA,SUPERMERCADOS,-38.9324282,-67.9875025
COOPERATIVA OBRERA,SUPERMERCADOS,-38.8220908,-68.066899
COOPERATIVA OBRERA,SUPERMERCADOS,-38.925472,-68.0840209
COOPERATIVA OBRERA,SUPERMERCADOS,-38.9475672,-68.22885
COOPERATIVA OBRERA,SUPERMERCADOS,-38.9045072,-70.060948
COOPERATIVA OBRERA,SUPERMERCADOS,-38.9794802,-67.8233239
COOPERATIVA OBRERA,SUPERMERCADOS,-38.982957,-67.831233
COOPERATIVA OBRERA,SUPERMERCADOS,-38.824795,-68.1390197
COOPERATIVA OBRERA,SUPERMERCADOS,-38.8286776,-68.1300822
COOPERATIVA OBRERA,SUPERMERCADOS,-38.8312489,-68.1202809
COOPERATIVA OBRERA,SUPERMERCADOS,-38.8291436,-68.139173
COOPERATIVA OBRERA,SUPERMERCADOS,-38.8278269,-68.1264026
COOPERATIVA OBRERA,SUPERMERCADOS,-38.8238024,-68.0691261
COOPERATIVA OBRERA,SUPERMERCADOS,-38.9418032,-68.1136708
COOPERATIVA OBRERA,SUPERMERCADOS,-38.010645,-57.545314
COOPERATIVA OBRERA,SUPERMERCADOS,-38.9365984,-69.2164192
COOPERATIVA OBRERA,SUPERMERCADOS,-40.157093,-71.348504
COOPERATIVA OBRERA,SUPERMERCADOS,-38.0732416,-70.6166321
COOPERATIVA OBRERA,SUPERMERCADOS,-40.8100837,-63.0010389
COOPERATIVA OBRERA,SUPERMERCADOS,-38.9290646,-67.9988277
COOPERATIVA OBRERA,SUPERMERCADOS,-40.151994,-71.396638
COOPERATIVA OBRERA,SUPERMERCADOS,-40.1572376,-71.3535147
CORDILLERANA,MERCADOS - AUTOSERVICIOS,-39.2387173,-70.9193425
CORRALON AUSTRAL,CORRALONES - MADERERAS,-40.1572103,-71.3524436
CORRALON CARLOS V.PARADA,CORRALONES - MADERERAS,-37.3890651,-68.9239465
CORRALON CENTENARIO,CORRALONES - MADERERAS,-38.8330512,-68.1225642
CORRALON CINCO SALTOS,CORRALONES - MADERERAS,-38.8314173,-68.0624688
CORRALON EL MAPUCHE,CORRALONES - MADERERAS,-38.9558855,-67.9226367
CORRALON EL SALVA,CORRALONES - MADERERAS,-39.9522777,-71.0717856
CORRALON LA FERRETERIA,FERRETERIA CON ANEXO CORRALON DE MATERIALES,-38.952286,-68.2376384
CORRALON PATAGONICO DE LOS ANDES,CORRALONES - MADERERAS,-40.1572103,-71.3524436
CORRALON PITTY,CORRALONES - MADERERAS,-38.6785743,-68.2138632
CORRALON PITTY,CORRALONES - MADERERAS,-38.9610083,-68.0375267
CORRE CARMELA,LENCERIAS,-38.9508024,-68.0606407
COSITA MIA,BEBES - NIÑOS,-39.9493085,-71.0756714
COTILLON SIGLO 21,COTILLONES Y REPOSTERIAS,-38.9591102,-68.059619
CRAZY KIDS,TIENDAS,-37.3891059,-68.9238105
CRAZYMAX,TIENDAS,-37.3917045,-68.9260993
CROMA,VAQUERIAS Y ROPA INFORMAL,-38.9516784,-68.0591888
CROMA,INDUMENTARIA URBANA Y CALZADOS,-38.8334472,-68.1211334
CROMA,INDUMENTARIA URBANA Y CALZADOS,-38.958278,-68.056898
CROSANTINO,PANADERIAS Y CONFITERIAS,-38.8796732,-71.1872083
CRUZ DEL SUR,FARMACIAS,-38.9393498,-67.9729299
CYL S.A.,AUTOMOTOR- REPUESTOS - ACCESORIOS - AUTOPARTES,-38.95986,-68.042256
D & M,ZAPATERIAS,-38.939376,-67.9958134
D' PELITOS,PELUQUERIA CANINA,-38.9348202,-69.2530615
DAHANY,INDUMENTARIA URBANA Y CALZADOS,-40.1574957,-71.3484077
DAINA,BOUTIQUE,-38.955005,-68.0539089
DAKOTA,TIENDAS,-38.9514598,-68.2263312
DAMARIS,LENCERIAS,-38.9574015,-68.0595823
Danielle Tieri,TIENDAS,-39.1017633,-67.0878881
DANNY MODAS,TIENDAS,-38.933951,-69.2319156
DANSIL,ARTICULOS DE DANZA,-38.9779509,-67.8260398
DARO PRINT,AUDIO - TV - SERVICIO TECNICO,-38.9573239,-68.0522385
DARSHAN,INDUMENTARIA FEMENINA,-40.1579527,-71.3538631
DE LA MONTAÑA,SUPERMERCADOS,-38.879939,-71.1848888
DE LA MONTAÑA,SUPERMERCADOS,-39.2387184,-70.9193315
DE LA MONTAÑA,SUPERMERCADOS,-38.9553789,-68.0312617
De Mil Amores,LENCERIAS,-38.9504429,-68.0895206
DE TUTTI,ALMACEN Y FIAMBRERIA,-38.8296232,-68.1465248
DEB. AUT. A.M.E.N,CLINICAS Y CENTROS MEDICOS,-38.9546889,-68.070369
DECORACIONES PABLO,DECORACION- ARTICULOS PARA EL HOGAR,-38.9574271,-68.0547526
DEL CENTRO PINTURERIAS,PINTURERIAS,-38.9450639,-68.05851
DEL PARQUE,RESTAURANTES - BARES - PARRILLAS,-38.9097826,-68.0799938
DEL SUR PINTURERIA,PINTURERIAS,-38.9474289,-68.1026049
DEL SUR Y MEDIA AGUA,TRANSPORTES - ENCOMIENDAS,-38.9516784,-68.0591888
DEL TURISTA,CHOCOLATERIAS,-40.156623,-71.3497385
DELIA BRUSAIN CALZADOS,ZAPATERIAS,-38.9542129,-68.061183
DEMO COMPUTACION,COMPUTACION,-38.940305,-67.9982527
DEPARTAMENTOS MARAL,ALQUILER DE DEPARTAMENTOS,-40.8120092,-65.0961774
DEPORTES OLIMPIA,INDUMENTARIA DEPORTIVA,-38.8301349,-68.0626059
DEPOSITO ESMERALDA,FERRETERIA CON ANEXO CORRALON DE MATERIALES,-38.9335845,-67.9905725
DESPENSA JUAN,POLIRRUBROS - KIOSCOS,-38.9475672,-68.22885
DIAL TIENDA,INDUMENTARIA URBANA Y CALZADOS,-40.1567671,-71.3477803
DIEGO MORALES NEUMATICOS Y ACCESORIOS,NEUMATICOS,-38.8300655,-68.1223654
DIEGUITOS Y MAFALDAS,TIENDAS,-38.8294219,-68.1348394
DIENTE DE ORO,TIENDAS,-38.9781068,-67.8264517
DIETETICA INTEGRAL,DIETETICAS,-38.9516784,-68.0591888
DIETETICA NATURISTA,DIETETICAS,-38.9585959,-68.0609083
DINASTIA,TIENDAS,-38.9449065,-68.1215777
DINOLFO,SEDERIAS - TELAS - ARTICULOS TEXTILES,-38.9583426,-68.0559684
DISEÑO DE COSAS LINDAS,ACCESORIOS BEBE,-38.9379213,-67.9908643
DISTINCION UNIFORMES,UNIFORMES,-38.9593969,-68.055418
DISTRIBUIDORA BARSAU,ARTICULOS DE PELUQUERIA,-38.9522277,-68.1173618
DON CAMILO,FORRAJERIAS-SEMILLERIAS,-38.947064,-68.1027139
DOÑA BERTA,SEDERIAS - TELAS - ARTICULOS TEXTILES,-39.9528181,-71.0759267
DOÑA MARY,RESTAURANTES - BARES - PARRILLAS,-37.1803786,-70.6703039
DORMIDECO,COLCHONERIAS,-38.9590369,-68.060577
DORMILINDO,COLCHONERIAS,-38.9407718,-68.054018
DOROTEA CALZADO,ZAPATERIAS,-38.9506661,-68.1172696
DOS GIRASOLES,REGALERIAS,-40.1527523,-71.3503075
DRUGSTORE,LIBRERÍA ARTISTICA,-38.938928,-67.9911609
DRUGSTORE MECOHUE,POLIRRUBROS - KIOSCOS,-38.9595776,-68.0926039
DUAL TIME,INSTRUMENTOS MUSICALES - VENTA,-39.0280464,-67.5785755
DULCE BAHIA,BAZAR,-38.9564801,-68.2261257
DULCE MALVINA,HELADERIAS,-38.9578029,-68.0662098
DULCE MARIA,CHOCOLATERIAS,-38.9573866,-68.0608963
DULCE SOFIA,TIENDAS,-38.9579727,-68.237744
DULCINEA,LENCERIAS,-38.8225645,-68.0640149
EBEN EZER,TIENDAS,-38.9279475,-67.990501
ECLIPSE INDUMENTARIA DEPORTIVA,INDUMENTARIA DEPORTIVA,-38.9339339,-69.2284092
EL ABASTO,RESTAURANTES - BARES - PARRILLAS,-40.1549791,-71.3452387
EL AFINADOR,AUTOMOTOR- REPUESTOS - ACCESORIOS - AUTOPARTES,-38.9324282,-67.9875025
EL ARCA,PAPELERAS,-38.9264377,-67.9979228
EL BUQUE,VINOTECAS,-38.950735,-68.062564
EL CAÑADENSE MUEBLES,MUEBLERIAS,-38.9567559,-68.2354955
EL CARRETEL,MERCERIA,-38.9047416,-70.0641333
EL CAUQUEN,ARTICULOS DE CAMPING-CAZA-PESCA,-39.9508556,-71.0728656
EL COLO,SUPERMERCADOS,-40.0464408,-70.0737726
EL CONSTRUCTOR,FERRETERIA CON ANEXO CORRALON DE MATERIALES,-38.9398787,-69.2186164
EL CORRALON,CORRALONES - MADERERAS,-38.9341688,-69.2297243
EL EMPORIO DE LA PIEDRA,MARMOLES,-38.9450639,-68.05851
EL FUENTON,BAZAR,-38.9504057,-68.1193442
EL GALPON,MUEBLERIAS,-40.1541845,-71.340556
EL GALPON,VETERINARIAS - ACCESORIOS PARA MASCOTAS,-38.9692131,-68.0541552
EL GAUCHITO,CARNICERIAS,-38.9691508,-68.0454776
EL GENIO DE LA LIMPIEZA,ARTICULOS DE LIMPIEZA,-38.9475672,-68.22885
EL IMPERIO DE LA CARNE,CARNICERIAS,-38.9472505,-68.0854201
EL KIOSKO DE LA ESQUINA,POLIRRUBROS - KIOSCOS,-39.9513494,-71.0772173
EL MALLIN,SUPERMERCADOS,-39.9475471,-71.0702629
EL METEJON,DECORACION- ARTICULOS PARA EL HOGAR,-40.1567178,-71.3499634
EL MEZON DE JULIO,ROTISERIAS,-38.8229064,-68.1400537
EL NECOCHENSE,TALLER MECANICO,-38.9327359,-69.2327657
EL NEGRO,LUBRICENTROS,-38.8217142,-68.1497511
EL NUEVO CORDILLERANO,MERCADOS - AUTOSERVICIOS,-39.9516162,-71.0753159
EL PALACIO DE LA PINTURA,PINTURERIAS,-38.959871,-68.0658859
EL PALACIO DE LA PINTURA,PINTURERIAS,-38.959817,-68.0503389
EL PALENQUE,MARROQUINERIAS,-38.9407718,-68.054018
EL PAPERO,MERCADO Y VENTA DE BEBIDAS ALCOHOLICAS,-38.8327664,-68.065071
EL PRECIO JUSTO,ZAPATERIAS,-38.9485506,-68.1172826
EL PRECIO JUSTO,ZAPATERIAS,-38.9467178,-68.2259302
EL RANA,POLIRRUBROS - KIOSCOS,-38.9595564,-68.2511171
EL REGALON,POLIRRUBROS - KIOSCOS,-39.5207367,-69.2847335
EL REGIONAL PATAGONIAN,RESTAURANTES - BARES - PARRILLAS,-40.156643,-71.3503939
EL REPUESTERO,AUTOMOTOR- REPUESTOS - ACCESORIOS - AUTOPARTES,-39.949438,-71.0725646
EL RINCON DE LAS FLORES,FLORERIAS - FLORES - PLANTAS,-38.8291902,-68.1347935
EL RINCON DE LAS MASCOTAS,ALIMENTOS BALANCEADOS - MASCOTAS,-38.9588349,-68.0789721
EL RINCON DE LAS MASCOTAS,ALIMENTOS BALANCEADOS - MASCOTAS,-38.9286289,-68.0753588
EL RINCONCITO,INDUMENTARIA URBANA Y CALZADOS,-40.1555647,-71.3535722
El Roperito,TIENDAS,-39.0284614,-67.571244
EL SANDWICHITO,ROTISERIAS,-38.9514954,-68.0561061
EL SOL,BAZAR,-38.9352027,-69.2304829
EL SOL CALZADOS,ZAPATERIAS,-38.9780548,-67.8267662
EL TIO,RESTAURANTES - BARES - PARRILLAS,-38.9607604,-68.059563
EL VALLE,FERRETERIAS,-38.8276362,-68.1493181
EL VIEJO TOBBY,REGALERIAS,-39.9510229,-71.0735477
ELECTRICIDAD BELGOY,ELECTRICIDAD - DISTRIBUIDORAS MAYORISTAS,-38.9506037,-68.1175865
ELECTRICIDAD PAREDES,ELECTRICIDAD - ILUMINACION,-38.943955,-68.1172024
ELECTRICIDAD SAN MARTIN,ELECTRICIDAD DEL AUTOMOTOR,-38.8278455,-68.0669301
ELECTRO LAS PERLAS,FERRETERIAS,-38.9841552,-68.1480341
ELECTRO SHOP,PINTURERIAS,-37.3994727,-68.9261339
ELECTROCAR,AUTOMOTOR- REPUESTOS - ACCESORIOS - AUTOPARTES,-38.9798915,-67.820271
ELECTROGAR,REPARACION DE ARTICULOS DEL HOGAR,-38.9548075,-68.0705636
ELECTRONICA VALENCIA,REPARACION Y VENTA DE ARTICULOS DE ELECTRONICA,-38.9541963,-68.0678752
ELECTROPARTES ZURITA,AUTOMOTOR- REPUESTOS - ACCESORIOS - AUTOPARTES,-38.9360154,-69.2366692
ELECTROSEL,ELECTRICIDAD - ILUMINACION,-38.9362064,-68.117489
ELECTROSER,ELECTRICIDAD - ILUMINACION,-38.9358106,-69.2254149
ELESERVIC,ELECTRODOMESTICOS,-38.5241836,-70.3654928
ELI´S INDUMENTARIA,TIENDAS,-38.9350233,-68.2332957
ELIJO YO,BOUTIQUE,-38.9383362,-67.9996416
ELIM,TIENDAS,-37.3787721,-70.2717769
ELUNEY,FLORERIAS - FLORES - PLANTAS,-38.937625,-68.089213
EMMELINE,SPA-ESTETICA-PILATES-SALONES DE BELLEZA,-38.9428046,-68.0461867
EMPORIO CIPO ROCK,TIENDAS,-38.9324282,-67.9875025
ENCENDIDO LIMAY,ELECTRICIDAD DEL AUTOMOTOR,-38.9592708,-68.0443388
ENCENDIDO PATAGONIA,ELECTRICIDAD DEL AUTOMOTOR,-38.95984,-68.068713
ENDURO BIKES,BICICLETAS - RODADOS,-40.1541229,-71.3493429
ENIGMATIC,TIENDAS,-37.3727309,-70.2691778
ENTE PROVINCIAL DE TERMAS DEL NEUQUEN,COSMETICA TERMAL,-38.9582119,-68.066147
ENTIZNE FABIO CARLOS,MAQUINAS DE COSER VENTA - REPARACION,-39.0261488,-67.5858337
ENTRE NOSOTRAS,TIENDAS,-38.8294891,-68.1352792
ENTRE TELAS,SEDERIAS - TELAS - ARTICULOS TEXTILES,-38.9765405,-67.8469541
ERIMAX SPORT UNISEX,TIENDAS,-38.938817,-67.991642
ERLIN,TIENDAS,-38.823146,-68.0651452
EROS OPTICA,OPTICAS,-38.9529817,-68.0661456
ERXILAPE REGALOS,ARTICULOS PARA EL HOGAR,-38.9363793,-69.2304835
ESC. DE PELUQUERIA ATELIER DEL,ARTICULOS DE PELUQUERIA,-38.9593069,-68.061454
ESMERALDA GLASS,LIBRERÍA ARTISTICA,-38.9503494,-68.1025827
ESTABLECIMIENTO CASA DE TÉ LOS CHALETS,AGROTURISMO,-38.9430278,-68.096892
ESTACION MONTAÑA,HELADERIAS,-38.9534389,-68.0595961
ESTACION MONTAÑA,HELADERIAS,-38.879939,-71.1848888
ESTACION Q ARGENTINA,RESTAURANTES - BARES - PARRILLAS,-38.9529142,-68.0550228
ESTANCIA VIEJA,MERCADOS - AUTOSERVICIOS,-39.234881,-70.92615
ESTAR GUAPA,TIENDAS,-38.9510021,-68.1173347
ESTRELLA AZUL,ARTICULOS PARA EL HOGAR,-38.9582055,-68.0607988
ESTRELLA AZUL,ARTICULOS PARA EL HOGAR,-38.9517244,-68.0586165
ESTUDIO UNO COMPUTACION,COMPUTACION,-38.9516784,-68.0591888
EUPHORIA,INDUMENTARIA FEMENINA,-39.9513816,-71.0712734
EUROMOTOR,AUTOMOTOR- REPUESTOS - ACCESORIOS - AUTOPARTES,-38.9550906,-68.0835759
EVEN EZER,MARROQUINERIAS,-37.3766036,-70.2734971
EXTREMO OUTDOORS,INDUMENTARIA DEPORTIVA,-38.9450639,-68.05851
F1 NEUMÁTICOS,NEUMATICOS,-40.1541317,-71.3416696
FABRICANTES TEXTILES,TIENDAS,-38.8255153,-68.0673472
FACHAS,PELUQUERIAS,-38.9520599,-68.066361
FACHITAS,TIENDAS,-37.3896984,-68.9232356
FAC-MAR,TIENDAS,-38.9577395,-68.2377298
FACTORY TAVERNITI,VAQUERIAS Y ROPA INFORMAL,-38.9516784,-68.0591888
FAMA FASHION,TIENDAS,-38.9068031,-70.0655972
FAMA SKATE,INDUMENTARIA URBANA Y CALZADOS,-38.9070884,-70.067068
FAMILIA CONIN,INSTITUCIONES BENEFICAS,-38.9738255,-68.0624809
FANELLO MOTOS,MOTOS - VENTA Y REPUESTOS,-38.9474714,-68.0857112
FARFALLA,LENCERIAS,-39.028535,-67.57288
FARMA SALUD,FARMACIAS,-37.3758419,-70.2744361
FARMACENTRO,FARMACIAS,-39.9514135,-71.0710029
FARMACEUTICOS ASOCIADOS,FARMACIAS,-38.9550396,-68.0793564
FARMACIA  Y PERF DEL CENTRO,FARMACIAS,-40.1564753,-71.3498435
FARMACIA ACONCAGUA,FARMACIAS,-38.9332204,-69.2254604
FARMACIA AGOSTINI,FARMACIAS,-38.8286696,-68.1356956
FARMACIA ALLENDE,FARMACIAS,-38.8299485,-68.0643718
FARMACIA ALTA BARDA,FARMACIAS,-38.9516784,-68.0591888
FARMACIA AMANCAY,FARMACIAS,-38.950854,-68.078335
FARMACIA ANDINA,FARMACIAS,-38.962443,-68.08026
FARMACIA APOTHEKARIA,FARMACIAS,-38.938771,-67.9954929
FARMACIA ARRAYAN,FARMACIAS,-38.9795924,-67.8226482
FARMACIA AVENIDA,FARMACIAS,-38.936893,-67.989581
FARMACIA BANCARIA,FARMACIAS,-39.029931,-67.5768609
FARMACIA BANCARIA,FARMACIAS,-38.9405476,-67.9900381
FARMACIA BELGRANO,FARMACIAS,-38.951281,-68.066316
FARMACIA CENTRAL I.M.P.S.,FARMACIAS,-38.9516784,-68.0591888
FARMACIA CENTRO EMPL.COMERCIO,FARMACIAS,-38.9516784,-68.0591888
FARMACIA CINCO SALTOS,FARMACIAS,-38.8301155,-68.0701585
FARMACIA CINTRA,FARMACIAS,-38.968759,-68.0647578
FARMACIA CIPOLLETTI,FARMACIAS,-38.9313439,-67.9992643
FARMACIA DEL BARRIO,FARMACIAS,-38.9216543,-67.985094
FARMACIA DEL BOSQUE,FARMACIAS,-38.9477229,-68.0515999
FARMACIA DEL CENTRO,FARMACIAS,-38.939892,-67.9933412
FARMACIA DEL OESTE,FARMACIAS,-38.9366884,-68.1174664
FARMACIA DEL PUEBLO,FARMACIAS,-38.9550066,-68.0606565
FARMACIA DEL PUEBLO,FARMACIAS,-38.954107,-68.0637341
FARMACIA DEL PUEBLO,FARMACIAS,-38.9384779,-67.996241
FARMACIA DEL PUEBLO-PLOTTIER,FARMACIAS,-38.9542576,-68.2260879
FARMACIA DEL RIO,FARMACIAS,-40.1587022,-71.3560661
FARMACIA DEL ROSARIO,FARMACIAS,-38.8285895,-68.0734069
FARMACIA DEL SOL,FARMACIAS,-38.938573,-68.0020547
FARMACIA DEL VALLE,FARMACIAS,-38.9844459,-67.8214944
FARMACIA DON BOSCO,FARMACIAS,-38.9220462,-67.9905511
FARMACIA ELEBORA DEL PUEBLO,FARMACIAS,-38.8337988,-68.1210839
FARMACIA FACUNDO,FARMACIAS,-37.3927216,-68.9255498
FARMACIA FATIMA,FARMACIAS,-38.8301349,-68.0626059
FARMACIA FERNANDEZ S.C.S,FARMACIAS,-38.9400707,-67.998182
FARMACIA FITTIPALDI,FARMACIAS,-38.8297221,-68.1356579
FARMACIA FLEMING,FARMACIAS,-38.8227041,-68.0677768
FARMACIA GALENICA,FARMACIAS,-40.157472,-71.3494767
FARMACIA GAZZOLA,FARMACIAS,-38.936563,-67.993051
FARMACIA INALEN,FARMACIAS,-38.9694949,-68.04562
FARMACIA INDAVER,FARMACIAS,-38.8298686,-68.1253929
Farmacia Italia,FARMACIAS,-39.0292495,-67.5729491
FARMACIA JUNIN,FARMACIAS,-39.9513772,-71.0759697
FARMACIA LA VEGA,FARMACIAS,-40.136825,-71.288121
FARMACIA LACAR,FARMACIAS,-38.9311389,-69.2301526
FARMACIA LANIN,FARMACIAS,-39.949128,-71.07676
FARMACIA LAS GRUTAS,FARMACIAS,-40.8130739,-65.0921941
FARMACIA LAS PERLAS,FARMACIAS,-38.938771,-67.9954929
FARMACIA LOPEZ IBAÑEZ,FARMACIAS,-38.8272033,-68.0620378
FARMACIA MARTIN,FARMACIAS,-38.937212,-67.99527
FARMACIA MICHELLI,FARMACIAS,-40.8099403,-65.0885672
FARMACIA MONASTERIO,FARMACIAS,-38.9492145,-68.225799
FARMACIA NORTE,FARMACIAS,-38.9247888,-67.9905269
FARMACIA NORTE,FARMACIAS,-38.9720283,-67.8287694
Farmacia Norte III,FARMACIAS,-38.93046,-69.2053814
FARMACIA NORTE IV,FARMACIAS,-38.9303837,-69.2190096
FARMACIA NTRA SRA DEL LUJAN,FARMACIAS,-38.945875,-68.100889
FARMACIA OPTICA BRAIDOTTI,FARMACIAS,-38.950451,-68.088213
FARMACIA PASTEUR,FARMACIAS,-38.9353909,-67.999179
FARMACIA PATAGONIA SCS,FARMACIAS,-38.9778328,-67.8298628
FARMACIA PURPURA,FARMACIAS,-38.9217144,-67.9800321
FARMACIA RICHIERI,FARMACIAS,-38.962565,-68.052244
FARMACIA RINCON,FARMACIAS,-37.3897004,-68.9251589
FARMACIA ROMERO,FARMACIAS,-37.3937587,-68.9185094
FARMACIA SALTA,FARMACIAS,-38.958265,-68.063699
FARMACIA SAN JORGE,FARMACIAS,-38.963287,-68.066244
FARMACIA SAN JOSE,FARMACIAS,-37.3893631,-68.9211728
FARMACIA SAN ROQUE,FARMACIAS,-38.6785743,-68.2138632
FARMACIA SANTA CRUZ,FARMACIAS,-38.9603397,-68.2350333
FARMACIA SANTA JULIA,FARMACIAS,-39.9504751,-71.0752853
FARMACIA SENILLOSA,FARMACIAS,-39.0106243,-68.4271521
FARMACIA SILVIA,FARMACIAS,-38.9376472,-69.2316743
FARMACIA SOCIAL I.M.P.S. OESTE,FARMACIAS,-38.9469637,-68.1066927
FARMACIA SOCIAL LA ESTRELLA,FARMACIAS,-38.8243872,-68.0704997
FARMACIA SOCIAL LA ESTRELLA,FARMACIAS,-38.725828,-68.1541092
FARMACIA SOL,FARMACIAS,-38.9623576,-68.0722147
FARMACIA SURY,FARMACIAS,-38.951755,-68.057697
FARMACIA SUYAI,FARMACIAS,-38.9357596,-67.9966113
FARMACIA TARICCO,FARMACIAS,-38.9313022,-67.9878398
FARMACIA TELLECHEA,FARMACIAS,-40.8102804,-65.0895842
FARMACIA Y PERFUMERIA MENGELLE,FARMACIAS,-38.9271676,-67.9977115
FARMASALUD,FARMACIAS,-38.8796732,-71.1872083
FARMASUR,FARMACIAS,-38.8211109,-68.1358676
FASHION LOVER,TIENDAS,-38.9782292,-67.8258266
FELIZA,INDUMENTARIA FEMENINA,-38.9583307,-68.0573229
FEN MAMELL,ALMACEN CON ANEXO VENTA DE PRODUCTOS NATURALES,-38.942336,-69.2287821
FERIA AMERICANA,TIENDAS,-38.8305757,-68.141351
FERMAT,FERRETERIAS,-38.9701957,-68.0732983
FERR - PLAT'S,FERRETERIAS,-38.9576334,-68.2379981
FERRACIOLI DEPORTES,ARTICULOS DE CAMPING-CAZA-PESCA,-38.9582532,-68.05601
FERRACIOLI DEPORTES,ARTICULOS DE CAMPING-CAZA-PESCA,-38.958107,-68.056438
FERRACIOLI DEPORTES,ARMERIAS,-38.958252,-68.0562913
FERRACIOLI DEPORTES,INDUMENTARIA DEPORTIVA,-38.9584064,-68.060142
FERRACIOLI DEPORTES,INDUMENTARIA DEPORTIVA,-38.9460623,-68.0743929
FERRACIOLI DEPORTES,INDUMENTARIA DEPORTIVA,-38.9597984,-68.0424318
FERRACIOLI DEPORTES,INDUMENTARIA DEPORTIVA,-38.9571286,-68.0579693
FERRACIOLI DEPORTES,INDUMENTARIA DEPORTIVA,-38.9595776,-68.0926039
FERRACIOLI DEPORTES,INDUMENTARIA DEPORTIVA,-38.9595776,-68.0926039
FERRACIOLI DEPORTES,INDUMENTARIA DEPORTIVA,-38.9421215,-68.1149495
Ferreteria Abraham,FERRETERIAS,-38.9376324,-68.0875161
FERRETERIA AVENIDA,FERRETERIAS,-38.8250952,-68.1385845
FERRETERIA BELGRANO,FERRETERIAS,-37.3943364,-68.9254782
FERRETERIA BLAS,FERRETERIAS,-38.8291154,-68.1328604
FERRETERIA COMODORO,FERRETERIAS,-38.8357849,-68.1401313
FERRETERIA DEL CENTRO,FERRETERIAS,-38.932663,-69.229769
FERRETERIA DEL PUEBLO,FERRETERIAS,-38.7235167,-68.152498
FERRETERIA DEL TRABAJADOR,FERRETERIAS,-38.950461,-68.1091194
FERRETERIA DEL TRABAJADOR,FERRETERIAS,-38.942924,-68.1100671
FERRETERIA DEL VALLE,FERRETERIAS,-38.93712,-68.118029
Ferreteria Don Diego,FERRETERIAS,-38.9568341,-68.2307432
FERRETERIA EL GALLEGO,FERRETERIAS,-38.9377552,-69.2294588
FERRETERIA EL INSTALADOR,FERRETERIAS,-38.9000671,-70.0738553
FERRETERIA EL MANZANO,FERRETERIAS,-38.6818159,-68.2158337
FERRETERIA EL TATA,FERRETERIAS,-38.9604873,-68.2409486
FERRETERIA ESMERALDA,FERRETERIAS,-38.9261243,-67.9907108
FERRETERIA FAVA 555,FERRETERIAS,-38.9690352,-68.0671023
FERRETERIA GARRIDO`S,FERRETERIAS,-38.9798942,-67.8202475
FERRETERIA LA CENTRAL,FERRETERIAS,-38.9573569,-68.058486
FERRETERIA LA COLONIA,FERRETERIAS,-38.8238667,-68.1357821
FERRETERIA LO DEL PELA,FERRETERIAS,-38.9530551,-68.0536623
FERRETERIA LO DEL TUBA,FERRETERIAS,-38.9340016,-69.2528786
FERRETERIA LOS MERCANTILES,FERRETERIAS,-38.9270422,-68.0798425
FERRETERIA MAIA,FERRETERIAS,-38.8368613,-68.1452277
FERRETERIA MAPU,FERRETERIA CON ANEXO CORRALON DE MATERIALES,-38.9129263,-67.9732983
FERRETERIA MEISEL,FERRETERIAS,-38.9203998,-67.9973901
FERRETERIA PETROLERA INDUSTRIAL,BULONES,-38.9483562,-68.2281594
FERRETERÍA SALTA,FERRETERIAS,-38.9516784,-68.0591888
FERRETERIA SAN FRANCISCO,FERRETERIAS,-38.6334506,-68.3018557
FERRETERIA SAN MARTIN,FERRETERIAS,-38.9548936,-68.0646672
FERRETERIA SIGLO 21,FERRETERIAS,-38.9590795,-68.0799321
FERRETERIA SIGLO XX,FERRETERIAS,-38.8254326,-68.1486372
FERRETERIA T21,FERRETERIAS,-38.9540687,-68.1230074
FERRETERIA VALENTINA,FERRETERIAS,-38.9679626,-68.1183943
FERRETERIA VIP,FERRETERIAS,-38.959744,-68.0671046
Ferreteria y Pintureria TITAN,FERRETERIAS,-38.9511013,-68.2263255
FERRETERIA YAPEYU,FERRETERIAS,-37.3805597,-70.2704109
FERRETEROS,FERRETERIA CON ANEXO CORRALON DE MATERIALES,-38.956195,-68.2424739
FERROMA,FERRETERIAS,-40.1525518,-71.3500836
FG ACCESORIOS,ACCESORIOS  Y REPARACION TELEFONIA CELULAR,-38.9793842,-67.8242288
FIAMBRERIA SASHA,MERCADOS - AUTOSERVICIOS,-38.8269553,-68.1399147
FIAMBRERIA SUYAI,FIAMBRERIAS,-38.9516784,-68.0591888
FIAMBRISIMA,FIAMBRERIAS,-38.956228,-68.0704582
FIBRA,INDUMENTARIA DEPORTIVA,-39.0949959,-67.0864859
FILTROS DEL REY,AUTOMOTOR- REPUESTOS - ACCESORIOS - AUTOPARTES,-38.9568421,-68.2362764
FINAL FANTASY,REGALERIAS,-38.9783005,-67.8299679
FIORELLA Y GISELLA,TIENDAS,-38.3544924,-68.786874
Flash Cell,ACCESORIOS  Y REPARACION TELEFONIA CELULAR,-38.9351134,-68.2332965
FLIPPER,JUGUETERIAS,-38.9374612,-68.0083965
FLIPPER,JUGUETERIAS,-38.953264,-68.058825
FLOPY REGALOS,BIJOUTERIE -ACCESORIOS,-38.958456,-68.05976
FLOR DE AMANCAY,TIENDAS,-39.0163294,-68.4232274
FLORERIA DEL CENTRO,FLORERIAS - FLORES - PLANTAS,-38.9399937,-69.2313893
FLORERIA INAUN,FLORERIAS - FLORES - PLANTAS,-38.9610718,-68.0509317
FLORERIA Y REGALERIA INAUN,FLORERIAS - FLORES - PLANTAS,-38.9537752,-68.0625577
FLOW ANCHO SHOWROOM,ZAPATERIAS,-38.7624321,-70.0369161
FORRAJERIA CHUBUTIN,FORRAJERIAS-SEMILLERIAS,-38.9671097,-68.0508108
FORRAJERIA G Y G,FORRAJERIAS-SEMILLERIAS,-38.9516784,-68.0591888
FORRAJERIA PAMPA,FORRAJERIAS-SEMILLERIAS,-38.9312741,-69.2269265
FORRAJERIA POPI,FORRAJERIAS-SEMILLERIAS,-38.962325,-68.0797149
FORRAJERIA Y SEMILLERIA NEHUEN,FORRAJERIAS-SEMILLERIAS,-38.9687592,-68.0645408
FOTO FILM,FOTOGRAFIA,-40.1560153,-71.3486358
FOTO NAHUEL,ARTESANIAS Y TEJIDOS,-40.1567334,-71.3499743
FOTOCLUB,FOTOGRAFIA,-38.9516784,-68.0591888
FRAGANCIAS,ARTICULOS DE LIMPIEZA,-38.9386075,-67.9974441
Frambuesa y Chocolate,PANADERIAS Y CONFITERIAS,-38.951405,-68.2278493
FRANGIA,TIENDAS,-38.9042494,-70.0638645
FRANZ Y PEPPONE BROWN,PIZZERIAS,-38.9503894,-68.0622397
FRANZONI SEGUROS,SEGUROS,-38.9491519,-68.0610533
FRIOTEKA,SUPERMERCADOS,-38.9506902,-68.0878727
FULANAS,TIENDAS,-38.9360882,-69.2305277
G Y C SPORT,INDUMENTARIA DEPORTIVA,-38.938446,-68.0001379
G Y C SPORT,INDUMENTARIA DEPORTIVA,-38.954762,-67.920688
GABRY,MERCADOS - AUTOSERVICIOS,-38.829106,-68.1391307
GARABATOS,LIBRERIA TECNICA,-38.9541021,-67.9292299
GARDENIA,TIENDAS,-38.977754,-67.8283812
GAROTO INDUMENTARIA,TIENDAS,-38.9576127,-68.0650712
GASOLEROS,TIENDAS,-38.938897,-67.997989
GASOLEROS,VAQUERIAS Y ROPA INFORMAL,-38.9516784,-68.0591888
GATICA PET SHOP,ALIMENTOS BALANCEADOS - MASCOTAS,-38.9742436,-68.0731274
GATTI ELECTRONICA,REPARACION Y VENTA DE ARTICULOS DE ELECTRONICA,-38.9518744,-68.0750938
GENERACION 2.0,ACCESORIOS  Y REPARACION TELEFONIA CELULAR,-39.9492457,-71.0710297
GENESIS & EXODO,FERRETERIA CON ANEXO CORRALON DE MATERIALES,-38.977341,-67.8285456
GERVASINI NEUMATICOS,NEUMATICOS,-38.9598192,-68.0545627
GEZIRA,JOYERIAS - RELOJERIAS,-38.9595776,-68.0926039
GIANI,JUGUETERIAS,-40.8108283,-65.0943303
GIRASOL,FOTOCOPIAS - IMPRENTAS - IMPRESIONES,-38.8206251,-68.1449336
GIRO DIDACTICO,JUGUETERIAS,-38.9380476,-68.0012373
GISBERT REPUESTOS,AUTOMOTOR- REPUESTOS - ACCESORIOS - AUTOPARTES,-40.1541317,-71.3416696
GNC,TIENDAS,-38.9513534,-68.117396
GOMERIA EL MAPUCHE,NEUMATICOS,-38.8295346,-68.130829
GOMERIA MYB,GOMERIA,-38.8143115,-68.1533776
GRAFFITI,LIBRERÍA ARTISTICA,-40.1524638,-71.3501751
GRAND PROSALUD,DIETETICAS,-38.9302337,-67.9906715
GRANJA DEL ALTO,ROTISERIAS,-38.9508787,-68.0573353
GREENWICH,ARTICULOS PARA EL HOGAR,-38.9358796,-69.2308886
GRISINO,BEBES - NIÑOS,-38.9584487,-68.0552268
GRISINO,BEBES - NIÑOS,-38.9595776,-68.0926039
GRISINO,BEBES - NIÑOS,-38.9417755,-68.1081151
GUAPAS,REGALERIAS,-38.9481658,-68.2277984
GUILLE CEL,TELEFONIA CELULAR,-38.9516784,-68.0591888
GUILLE CEL,TELEFONIA CELULAR,-40.1707041,-71.4952372
GUSTY,TIENDAS,-38.9572896,-68.0570159
GUSTY,TIENDAS,-38.9575929,-68.056736
HAVANNA,BAR - CONFITERIA,-40.1586448,-71.3567603
HERBALIFE NEUQUEN (DISTRIBUIDOR INDEP.),DIETETICAS,-38.9696482,-68.0538967
HERRAFER,FERRETERIAS,-38.939546,-67.9991359
HERRAJES NEUQUEN,FERRETERIAS,-38.9350764,-68.2424092
HIERROMET,HIERROS - PRODUCTOS METALURGICOS,-37.3939948,-68.9270849
HOTEL PILMAYQUEN,HOSPEDAJE-CABAÑAS-ALQUILER DE DEPARTAMENTOS,-40.8093316,-65.0870874
HOTEL RIMINI,HOSPEDAJE-CABAÑAS-ALQUILER DE DEPARTAMENTOS,-40.800189,-65.0807831
HOTEL RIVIERA,HOSPEDAJE-CABAÑAS-ALQUILER DE DEPARTAMENTOS,-40.8126124,-65.0902185
HOTEL TUNQUELEY,HOSPEDAJE-CABAÑAS-ALQUILER DE DEPARTAMENTOS,-40.155718,-71.3503117
HUELLAS,INDUMENTARIA URBANA Y CALZADOS,-40.1570343,-71.3482583
HUELLAS CALZADOS,ZAPATERIAS,-38.8258564,-68.1398648
I HOGAR,MUEBLERIAS,-40.158582,-71.3492102
IDEAS ESCUELA DE INGLES,COLEGIOS - INSTITUTOS,-38.8344157,-68.1243762
IMAGINATE,JUGUETERIAS,-38.9549466,-68.0619608
IMPACTO DESDE $1.99,POLIRRUBROS - KIOSCOS,-38.953753,-67.9264703
IMPAKTO SRL,DECORACION- ARTICULOS PARA EL HOGAR,-38.9600329,-68.068951
IMPORTADOS PATAGONIA,TIENDAS,-38.9043899,-70.0637677
IMPS - MELEWE CAVIAHUE,HOSPEDAJE-CABAÑAS-ALQUILER DE DEPARTAMENTOS,-37.8655096,-71.0572575
IMPS - MELEWE VILLA LA ANGOSTURA,HOSPEDAJE-CABAÑAS-ALQUILER DE DEPARTAMENTOS,-40.1536942,-71.3367801
IMPS -MELEWE LAS GRUTAS,HOSPEDAJE-CABAÑAS-ALQUILER DE DEPARTAMENTOS,-40.8131803,-65.0959705
IMPULSIVO,TIENDAS,-38.9514386,-68.2278491
INDIRA,REGALERIAS,-38.953251,-68.058591
INDUMENTARIA SABA KIDS,TIENDAS,-39.0113459,-68.4276427
INFINIT PC Y GAMING,COMPUTACION,-38.95814,-68.0573805
INFINITO MODA,TIENDAS,-37.3894673,-68.9200802
INSERT SHOES,INDUMENTARIA DEPORTIVA,-38.9542576,-68.2260879
INTEGRAL CAR,AUTOMOTOR- REPUESTOS - ACCESORIOS - AUTOPARTES,-38.9324282,-67.9875025
IÑAKI,TIENDAS,-38.9572901,-68.0568011
ION,PERFUMERIAS,-38.9369106,-69.2303659
Ironica Boutique,INDUMENTARIA FEMENINA,-38.979154,-67.835092
ISABELLA TU BOUTIQUE,TIENDAS,-38.912287,-68.082955
iupi,LIBRERIAS ESCOLARES Y DE OFICINA,-39.9518558,-71.070206
IVAN PELUQUERIA PROFESIONAL,PELUQUERIAS,-38.9528184,-68.2377855
IVIZA INDUMENTARIA,ZAPATERIAS,-37.3897004,-68.9251589
J Y R,LUBRICENTROS,-38.9383254,-68.2369594
J. JULIAN MADERAS,CORRALONES - MADERERAS,-38.959756,-68.036711
JAC BOBINADOS,REPARACION Y VENTA DE ARTICULOS DE ELECTRONICA,-38.9292036,-67.9903674
JAZIEL HOMBRES,INDUMENTARIA MASCULINA,-38.958385,-68.0624742
JAZMIN INFORMAL,TIENDAS,-38.9519725,-68.0631653
Jean Pierre Fotografia,FOTOGRAFIA,-38.93364,-69.2295725
JHOJAN,TIENDAS,-38.8241327,-68.0662739
JHON LEA,TIENDAS,-39.0095844,-68.4256649
JK HOGAR,ARTICULOS PARA EL HOGAR,-38.8284289,-68.0643573
JOCKETA RESTO,RESTAURANTES - BARES - PARRILLAS,-39.9636192,-71.0828196
JONIYES,INDUMENTARIA DEPORTIVA,-38.9324282,-67.9875025
JOYAS MARIA VICTORIA,JOYERIAS - RELOJERIAS,-40.1563343,-71.3494746
JOYERIA DANIEL´S,JOYERIAS - RELOJERIAS,-38.9376462,-67.9957085
JOYERIA PETROCHELLI,JOYERIAS - RELOJERIAS,-38.9388463,-67.9984805
JOYERIA SILIO,JOYERIAS - RELOJERIAS,-38.9538439,-68.066897
JOYITA SANDOVAL MUEBLERIA,ARTICULOS PARA EL HOGAR,-38.9358493,-67.9904233
JR EMBRAGUES,AUTOMOTOR- REPUESTOS - ACCESORIOS - AUTOPARTES,-38.9621022,-68.0662569
JUAN DA ROS HOGAR,ARTICULOS PARA EL HOGAR,-38.8305226,-68.1303558
JUGUETERIA LA PRIMERA,JUGUETERIAS,-39.9525636,-71.0700944
JUGUETERIA RAYUELA,JUGUETERIAS,-39.0142004,-68.4297709
JULIAN SEGURIDAD INDUSTRIAL,SEGURIDAD INDUSTRIAL,-38.8366889,-68.1269858
JULIETA LENCERIAS,LENCERIAS,-38.9391244,-67.9915453
JULIETA MARTINEZ,INDUMENTARIA FEMENINA,-40.1572078,-71.3518103
JUNGLA URBANA,TIENDAS,-38.9353158,-68.2344647
KACHUREOS,REGALERIAS,-38.9720821,-68.0452475
KACHUREOS,REGALERIAS,-38.9581216,-68.1054296
KAHUNA,INDUMENTARIA URBANA Y CALZADOS,-38.9325265,-69.2230311
KANDO,MOTOS - VENTA Y REPUESTOS,-38.960588,-68.060681
KAOS,BIJOUTERIE -ACCESORIOS,-38.9506311,-68.0609387
KARO HAIR Y STYLE,PELUQUERIAS,-38.9373876,-69.2030969
KARSON SRL,ODONTOLOGIA,-38.9516784,-68.0591888
KASSUAL,TIENDAS,-38.9576153,-68.2377191
KELEBEK,ZAPATERIAS,-39.9507811,-71.0739227
KEVINGSTON BIG HOUSE,INDUMENTARIA MASCULINA,-38.953399,-68.059543
KEVINGSTON HOUSE,TIENDAS,-40.1551524,-71.3455941
KIDS KIDS,BEBES - NIÑOS,-38.955541,-68.066295
KIDS KIDS,TIENDAS,-38.9535952,-68.0770828
KING KONG,INDUMENTARIA URBANA Y CALZADOS,-38.9377169,-69.230684
Kiosco Karen,POLIRRUBROS - KIOSCOS,-38.8249507,-68.1387907
KIOSKO MAKA,POLIRRUBROS - KIOSCOS,-40.1541684,-71.3493383
KLOSET,INDUMENTARIA FEMENINA,-38.9378739,-67.9945373
KOKOMO,INDUMENTARIA URBANA Y CALZADOS,-38.9815083,-67.8309585
KRUSSA,INDUMENTARIA URBANA Y CALZADOS,-38.953355,-68.0598027
KÚBIKO,TIENDAS,-39.0287104,-67.5708769
KUMELEN,MERCADOS - AUTOSERVICIOS,-38.9585906,-68.2402618
KWIK-E-MARKET,MERCADOS - AUTOSERVICIOS,-39.9541329,-71.0793812
L Y S ARTICULOS DE LIMPIEZA,ARTICULOS DE LIMPIEZA,-39.9489625,-71.0694641
La Anónima,FERRETERIAS,-38.8257226,-68.0674274
LA ANONIMA SUC. 225,SUPERMERCADOS,-38.9463839,-68.0582759
LA ANONIMA SUC. 226,SUPERMERCADOS,-38.9535186,-68.0623039
LA ANONIMA SUC. 229,SUPERMERCADOS,-38.94897,-68.1174151
LA ANONIMA SUC. 232,SUPERMERCADOS,-38.9689889,-68.0597251
LA ANONIMA SUC. 233,SUPERMERCADOS,-38.9507797,-68.0753286
LA ANONIMA SUC. 234,SUPERMERCADOS,-38.9567909,-68.2289698
LA ANONIMA SUC. 235,SUPERMERCADOS,-38.9511368,-68.0314265
LA ANONIMA SUC. 236,SUPERMERCADOS,-38.9393766,-68.1173677
LA ANONIMA SUC. 237,SUPERMERCADOS,-38.9335369,-68.0750188
LA ANONIMA SUC. 239,SUPERMERCADOS,-38.9442538,-68.1020931
LA ANONIMA SUC. 240,SUPERMERCADOS,-38.9506718,-68.0895924
LA ANONIMA SUC. 241,SUPERMERCADOS,-39.028415,-67.57527
LA ANONIMA SUC. 242,SUPERMERCADOS,-38.8293842,-68.0633917
LA ANONIMA SUC. 243,SUPERMERCADOS,-38.9485791,-67.9920898
LA ANONIMA SUC. 246,SUPERMERCADOS,-39.0994141,-67.0872492
LA ANONIMA SUC. 247,SUPERMERCADOS,-38.898848,-70.073643
LA ANONIMA SUC. 248,SUPERMERCADOS,-38.947494,-68.084619
LA ANONIMA SUC.06,SUPERMERCADOS,-38.9593011,-68.0507624
LA ANONIMA SUC.07,SUPERMERCADOS,-38.933306,-68.0009819
LA ANONIMA SUC.10,SUPERMERCADOS,-39.0364547,-67.577786
LA ANONIMA SUC.102,SUPERMERCADOS,-40.1572997,-71.3562685
LA ANONIMA SUC.147,SUPERMERCADOS,-39.9517459,-71.0695223
LA ANONIMA SUC.162,SUPERMERCADOS,-38.950453,-68.1115332
LA ANONIMA SUC.164,SUPERMERCADOS,-38.926547,-67.990229
LA ANONIMA SUC.172,SUPERMERCADOS,-37.3924856,-68.9365786
LA ANONIMA SUC.177,SUPERMERCADOS,-40.758875,-71.648299
LA ANONIMA SUC.182,SUPERMERCADOS,-38.9480294,-68.2253214
LA ANONIMA SUC.195,SUPERMERCADOS,-39.0129524,-67.5963753
LA ANONIMA SUC.212,SUPERMERCADOS,-40.1429834,-71.303488
LA ANONIMA SUC.213,SUPERMERCADOS,-38.8231133,-68.1391442
LA ANONIMA SUC.228,SUPERMERCADOS,-38.934491,-69.2329383
LA ANONIMA SUC.230,SUPERMERCADOS,-38.9075875,-70.067267
LA ANONIMA SUC.238,SUPERMERCADOS,-38.9383328,-67.9831203
LA ANONIMA SUC.259,SUPERMERCADOS,-38.9447519,-69.2183656
LA ANONIMA SUC.265,SUPERMERCADOS,-38.8233361,-68.0741307
LA ANONIMA SUC.266,SUPERMERCADOS,-38.35311,-68.790223
LA ANONIMA SUC.357,SUPERMERCADOS,-38.9578497,-68.035503
LA ANONIMA SUC.363,SUPERMERCADOS,-38.9536555,-67.9169052
LA ANONIMA SUC.42,SUPERMERCADOS,-39.0275765,-67.5659436
LA ANONIMA SUC.48,SUPERMERCADOS,-39.095101,-67.0921728
LA ANONIMA SUC.50,SUPERMERCADOS,-38.892079,-70.0665463
LA ANONIMA SUC.51,SUPERMERCADOS,-38.9401273,-67.9931263
LA ANONIMA SUC.68,SUPERMERCADOS,-38.9460623,-68.0743929
LA ANONIMA SUC.76,SUPERMERCADOS,-38.9305139,-69.2109155
LA ANONIMA SUC.92,SUPERMERCADOS,-39.0276957,-67.5873059
LA ANONIMA SUCURSAL 356,SUPERMERCADOS,-38.8330871,-68.1199923
LA BEFANA,TIENDAS,-38.9347451,-69.2309935
LA BETTY,MERCADOS - AUTOSERVICIOS,-40.1358833,-71.2833685
LA BOUTIQUE DE LAS MASCOTAS,FORRAJERIAS-SEMILLERIAS,-38.9373492,-67.9957069
LA CANTINA,RESTAURANTES - BARES - PARRILLAS,-38.9516784,-68.0591888
LA CASA DE LA DULZURA S.R.L.,CHOCOLATERIAS,-38.9376868,-67.9930811
LA CASA DE LA DULZURA SRL,CHOCOLATERIAS,-38.958456,-68.05976
LA CASA DE LA HAMBURGUESA,RESTAURANTES - BARES - PARRILLAS,-38.9317759,-68.0080211
LA CASA DE LA HAMBURGUESA (NQN),RESTAURANTES - BARES - PARRILLAS,-38.9388027,-68.0067389
LA CASA DE LAS ABERTURAS,ABERTURAS,-38.9446192,-68.2260337
LA CASA DE LAS HAMBURGUESAS (OESTE),RESTAURANTES - BARES - PARRILLAS,-38.9502625,-68.1165648
LA CASA DE LOS FILTROS,AUTOMOTOR- REPUESTOS - ACCESORIOS - AUTOPARTES,-38.8265052,-68.066354
LA CASA DEL AFINADOR,AUTOMOTOR- REPUESTOS - ACCESORIOS - AUTOPARTES,-38.960156,-68.050591
LA CASA DEL CERDO,ALMACEN Y FIAMBRERIA,-38.8260241,-68.1383016
LA CASA DEL CHEVROLET,AUTOMOTOR- REPUESTOS - ACCESORIOS - AUTOPARTES,-38.9324282,-67.9875025
LA CASA DEL DURLOCK,FERRETERIAS,-38.9791624,-67.8153233
LA CASA DEL ENANO,ARTICULOS DE CAMPING-CAZA-PESCA,-39.9481453,-71.0754332
LA CASA DEL ESCAPE,AUTOMOTOR- REPUESTOS - ACCESORIOS - AUTOPARTES,-38.960754,-68.0619969
La Casa del Fiat,AUTOMOTOR- REPUESTOS - ACCESORIOS - AUTOPARTES,-38.9509436,-68.0632357
LA CASA DEL GAS,FERRETERIAS,-38.947541,-68.08436
LA CASA DEL RELOJ,JOYERIAS - RELOJERIAS,-38.8322953,-68.1212024
LA CASA DEL REVESTIMIENTO,CORRALONES - MADERERAS,-38.9377552,-69.2294588
LA CASA DEL VOLKSWAGEN / TODO FORD Y TOYOTA,AUTOMOTOR- REPUESTOS - ACCESORIOS - AUTOPARTES,-38.9324282,-67.9875025
La Chacra,MERCADO Y VENTA DE BEBIDAS ALCOHOLICAS,-38.7715463,-68.1373673
LA COMERCIAL S.R.L,CORRALONES - MADERERAS,-38.9328185,-67.9792115
LA ECONOMÍA,TIENDAS,-40.1568711,-71.3481154
LA ESPERANZA MADERAS,CORRALONES - MADERERAS,-38.9547735,-68.0962243
LA ESQUINA ANIMAL,ALIMENTOS BALANCEADOS - MASCOTAS,-38.949552,-69.219254
LA ESTANCIA,CARNICERIAS,-39.236781,-70.917296
LA FAMILIA,RESTAURANTES - BARES - PARRILLAS,-38.8796732,-71.1872083
LA FAMILIA PRIMERO,FERRETERIAS,-38.9297634,-68.1366702
LA FERRETERIA DE VILLA,FERRETERIAS,-38.9268712,-67.9974991
LA FLOR DEL AMANCAY,FORRAJERIAS-SEMILLERIAS,-38.9502359,-68.117651
LA FLOR DEL CEIBO,ARTESANIAS Y TEJIDOS,-38.958529,-68.237902
LA GRAFICA,IMPRESIONES GRAFICAS,-38.9656534,-68.0508557
LA GRANJA,MERCADOS - AUTOSERVICIOS,-38.8322124,-68.149052
LA HERRERIA,HERRERIA ARTESANAL,-38.9690003,-68.0346462
LA ITALIANA MUEBLES,MUEBLERIAS,-38.8283823,-68.067469
LA JUGUETERIA,JUGUETERIAS,-38.828277,-68.1343552
LA MADRILEÑA,ZAPATERIAS,-38.9571244,-68.0585727
LA MAISON DE MAMÁ,TIENDAS,-38.939146,-67.990025
LA MARCA MUEBLES,BLANCO,-38.9551818,-68.0703013
LA MARCA MUEBLES,MUEBLERIAS,-38.959373,-68.056117
LA MASCOTA,TIENDAS,-38.9610083,-68.0375267
LA MASCOTA,TIENDAS,-40.0482871,-70.0754465
LA MOTO,MOTOS- REPUESTOS,-38.9335476,-69.2312321
LA NUEVA BARRA RESTO,RESTAURANTES - BARES - PARRILLAS,-40.1621248,-71.3570808
LA NUIT,LENCERIAS,-38.9518518,-68.0566791
LA NUIT,LENCERIAS,-38.9460623,-68.0743929
LA PATAGONIA,MARROQUINERIAS,-38.9396802,-68.2258076
LA POLLERIA,MERCADOS - AUTOSERVICIOS,-38.8272834,-68.1353436
LA POLLERIA,ALMACEN Y FIAMBRERIA,-40.1552209,-71.3496351
LA SUREÑA,CARNICERIAS,-39.9493873,-71.0709375
LA TABA,CARNICERIAS,-38.9476796,-68.057015
LA UNION AUTOPARTES,AUTOMOTOR- REPUESTOS - ACCESORIOS - AUTOPARTES,-38.9549043,-68.0687563
LA VETERINARIA DEL DR. FITO,VETERINARIAS - ACCESORIOS PARA MASCOTAS,-38.9329656,-68.000081
La vida es bella,INDUMENTARIA FEMENINA,-38.92505,-67.99051
LA VIEJA ALDEA SRL,CHOCOLATERIAS,-40.1566013,-71.3497081
LA ZAPALINA,TIENDAS,-38.9083537,-70.0624612
LACUSTRE,BOUTIQUE,-40.1577241,-71.3531306
LAGO TROMEN,AGENCIAS DE VIAJES  Y TURISMO,-38.9518994,-68.0583056
LANAS ARGENTINA DE NORTE A SUR,LANAS,-40.1568557,-71.3494795
LARA LENCERIA,LENCERIAS,-39.9501197,-71.0669264
LAS FAMILIAS,RESTAURANTES - BARES - PARRILLAS,-38.9070691,-70.0681463
LAS HORMIGAS,PELUQUERIAS,-38.9511899,-68.062175
LAS MIL DOS AUTOSERVICIO,SUPERMERCADOS,-38.9217926,-67.9826531
LASER,BATERIAS,-38.9598109,-68.0500407
LE BON PAIN,PANADERIAS Y CONFITERIAS,-38.95729,-68.0565293
LE LENGERIE,LENCERIAS,-39.9506858,-71.0751079
LEGADO,TIENDAS,-38.9387306,-67.9975891
LEO BOS,INDUMENTARIA URBANA Y CALZADOS,-38.9364289,-69.2289446
LEON BOUTIQUE,INDUMENTARIA URBANA Y CALZADOS,-38.937565,-69.233277
LG RINCON S.R.L,ESTACIONES DE SERVICIO,-38.9445612,-68.196564
LIBRACOS,LIBROS LITERATURA Y TEXTOS,-38.9580406,-68.0572852
LIBRERIA ANJESVAN,LIBRERIAS ESCOLARES Y DE OFICINA,-37.3902449,-68.9264222
LIBRERIA DORIAL,LIBRERIAS ESCOLARES Y DE OFICINA,-38.9373634,-69.2287413
LIBRERIA EL TREBOL,LIBRERIAS ESCOLARES Y DE OFICINA,-38.9483562,-68.2281594
LIBRERIA GARABATOS,LIBRERIAS ESCOLARES Y DE OFICINA,-38.9533993,-67.9172133
LIBRERIA PAPIRO,LIBRERIAS ESCOLARES Y DE OFICINA,-38.9327964,-69.2206892
LIBRERIA PERAZZOLI,LIBRERIAS ESCOLARES Y DE OFICINA,-39.0946756,-67.0836283
LIBRERIA PUNTO PAPEL,LIBRERIAS ESCOLARES Y DE OFICINA,-38.9542576,-68.2260879
LIBRERIA TA-TE-TI,LIBRERIAS ESCOLARES Y DE OFICINA,-38.831909,-68.1199672
LIBRERIA TIO GATO,LIBRERIAS ESCOLARES Y DE OFICINA,-37.3896984,-68.9232356
Libreria y Regaleria Benja,REGALERIAS,-39.9510918,-71.0707009
LIBRERÍA YES,LIBRERIA TECNICA,-38.9511728,-68.1176882
LIBRERIAS BELGRANO,LIBRERIAS ESCOLARES Y DE OFICINA,-38.9415164,-68.1173714
LIBRERIAS BELGRANO,LIBRERIAS ESCOLARES Y DE OFICINA,-38.950505,-68.088865
LIBRERIAS TARQUINI,LIBRERIAS ESCOLARES Y DE OFICINA,-38.9510979,-68.1177354
LIBRERIAS Y JUGUETERIAS JUMBO EXPRESS,LIBRERIAS ESCOLARES Y DE OFICINA,-40.1549906,-71.3490697
LIKE LONDON DESING,INDUMENTARIA URBANA Y CALZADOS,-38.9052172,-70.0631225
LIMAI-K,TIENDAS,-38.8245422,-68.1395383
LISETH,INDUMENTARIA FEMENINA,-38.9580648,-68.0572102
LO DE ALFARO,FERRETERIA CON ANEXO CORRALON DE MATERIALES,-38.938387,-69.228564
LO DE BRI,INDUMENTARIA URBANA Y CALZADOS,-39.949948,-71.0699172
LO DE CARLITOS,CARNICERIAS,-38.8210673,-68.1402574
LO DE GABY,MARROQUINERIAS,-38.9694647,-68.0396212
LO DE NIETO,MERCADOS - AUTOSERVICIOS,-38.956971,-68.045078
LOLA LOLA,LENCERIAS,-40.1543738,-71.3489663
LOLA OUTLET,ZAPATERIAS,-38.9399439,-67.998536
Lola Rey,ZAPATERIAS,-38.8232839,-68.064635
LOLA ZAPATOS + CARTERAS,MARROQUINERIAS,-40.1576898,-71.3500637
LOLAS,ZAPATERIAS,-38.9613163,-68.2300333
LOLY BABY KIDS,ZAPATERIAS,-38.826725,-68.066261
LONERIA Y TAPICERIA NEUQUEN,TAPICERIAS,-38.9558607,-68.0443683
LOREDANA,TIENDAS,-38.9797975,-67.8305006
LORENTE BULONERIA,FERRETERIAS,-38.9783745,-67.828523
LOS CORRALITOS,MUEBLERIAS,-40.1561972,-71.3454454
LOS CORRALITOS,MUEBLERIAS,-38.9323405,-69.2185856
LOS DOS CLAVOS,AUTOMOTOR- REPUESTOS - ACCESORIOS - AUTOPARTES,-38.950416,-68.096991
LOS ENROSCADOS,FERRETERIAS,-38.9436387,-68.2376094
LOS LAGOS DRUGSTORE,POLIRRUBROS - KIOSCOS,-40.1568694,-71.3505135
LOS NIETOS,MERCADOS - AUTOSERVICIOS,-38.8953183,-70.0751576
LOS NOTROS,TIENDAS,-39.9514273,-71.0710713
LOS POTREROS,HOSPEDAJE-CABAÑAS-ALQUILER DE DEPARTAMENTOS,-39.2366092,-70.9195942
LOTITO¨S,RESTAURANTES - BARES - PARRILLAS,-38.956845,-68.2311978
LOVE KIDS,BEBES - NIÑOS,-37.3763723,-70.273781
LUBRANO DESING,ARTICULOS PARA EL HOGAR,-39.0952588,-67.0829152
LUBRANO HOGAR,ARTICULOS PARA EL HOGAR,-39.0280021,-67.5804058
LUBRANO HOGAR,MUEBLERIAS,-38.9779341,-67.8278676
LUBRANO HOGAR,MUEBLERIAS,-39.1017633,-67.0878881
LUBRI - K,LUBRICENTROS,-38.9343288,-67.9906156
LUBRI REPUESTOS NAWA,AUTOMOTOR- REPUESTOS - ACCESORIOS - AUTOPARTES,-38.9333041,-67.9792955
LUBRICAR,LUBRICENTROS,-38.9422744,-69.2327976
LUBRICENTRO CACIQUE,LUBRICENTROS,-38.8226592,-68.0639573
LUBRICENTRO LOPEZ,LUBRICENTROS,-38.7253291,-68.1566302
LUBRICENTRO RENIC,LUBRICENTROS,-38.8264305,-68.0737525
LUBRICENTRO RIVAS,LUBRICENTROS,-38.9606526,-68.0789777
LUBRICENTRO SAN LORENZO,AUTOMOTOR- REPUESTOS - ACCESORIOS - AUTOPARTES,-38.9452013,-68.1176579
LUBRICENTRO ZURITA,VENTA DE LUBRICANTES,-38.9385436,-69.2251207
LUCIANA VUOTTO,TIENDAS,-37.3769293,-70.2730977
LUCIANO ABERTURAS,ABERTURAS,-38.9598251,-68.0674431
LUJO URBANO,TIENDAS,-38.9387281,-69.2303358
LUNA MIA,TIENDAS,-37.3897004,-68.9251589
LUZ DEL VALLE,ELECTRICIDAD - ILUMINACION,-38.9586146,-68.0561229
LYSA LIBRERIA,LIBRERIAS ESCOLARES Y DE OFICINA,-38.9496716,-68.068999
M & L,TIENDAS,-38.9689419,-68.0708114
M Y C,TIENDAS,-38.9352297,-69.2391937
M Y L INDUMENTARIA,ALQUILER IND Y ACCESORIOS PARA SKI,-38.9304299,-69.232025
M3 NEUMATICOS,NEUMATICOS,-38.9590654,-68.0789681
MADRENIAS,TIENDAS,-39.0288888,-67.5705697
MAGA,MARROQUINERIAS,-40.1583347,-71.3549433
Malek,TIENDAS,-38.8271901,-68.1352312
MALEVO,TIENDAS,-37.3759404,-70.2761054
MALIKA,SPA-ESTETICA-PILATES-SALONES DE BELLEZA,-38.954407,-68.051908
MALKAS,PERFUMERIAS,-38.9369106,-69.2303659
MALU,TIENDAS,-37.3894673,-68.9200802
MALU DISTRIBUIDORA,ARTICULOS DE PELUQUERIA,-38.9581561,-68.054521
MALU DISTRIBUIDORA,ARTICULOS DE PELUQUERIA,-38.9351134,-68.2333001
MALU DISTRIBUIDORA,ARTICULOS DE PELUQUERIA,-38.9503473,-68.089704
MAMMA MIA,FABRICA DE PASTAS,-38.9567207,-68.0665101
MAMUSIA,CHOCOLATERIAS,-40.1577905,-71.3535898
MANOLA,TIENDAS,-38.9351134,-68.2332947
MANZANA,TIENDAS,-38.8233843,-69.6691186
MARCELO REGALOS,REGALERIAS,-38.9278241,-69.238456
MARIA BONITA,LENCERIAS,-38.9573377,-68.0662397
MARIA BONITA,MARROQUINERIAS,-38.93937,-67.993481
MARIA LIMPIEZA,ARTICULOS DE LIMPIEZA,-38.821131,-68.1442376
MARIA MARIA,INDUMENTARIA URBANA Y CALZADOS,-39.9515793,-71.0709746
MARIANA,LENCERIAS,-38.9572914,-68.0538875
MARIA'S,TIENDAS,-40.8129927,-65.092119
MARROQUINERIA JUAN CRUZ,MARROQUINERIAS,-38.931315,-67.9904266
MARTIN PESCADOR,ACCESORIOS PARA MASCOTAS,-38.9503999,-68.0973866
MARY SPORT,INDUMENTARIA DEPORTIVA,-38.9257858,-67.9904074
MARY SPORT,TIENDAS,-39.5171295,-69.292049
MASCOTAS SHOP,FORRAJERIAS-SEMILLERIAS,-38.9371505,-67.9897994
MASKOTEANDO,ACCESORIOS PARA MASCOTAS,-38.934646,-69.2291426
MASSER MATERIALES ELECTRICOS,ELECTRICIDAD - ILUMINACION,-38.9549899,-68.0827779
MASTER BATERIAS,BATERIAS,-38.9503494,-68.1025827
MATILDA,INDUMENTARIA FEMENINA,-38.938699,-67.9977849
MAURO MUEBLES,MUEBLERIAS,-38.9316998,-69.2300664
MAURO SERGIO,TIENDAS,-39.951599,-71.07046
MAX INFORMAL,VAQUERIAS Y ROPA INFORMAL,-38.9516784,-68.0591888
MAX INFORMAL,VAQUERIAS Y ROPA INFORMAL,-38.953071,-68.056823
MAYORISTA LOS FALDEOS,ALMACEN DE RAMOS GENERALES,-40.1541571,-71.3506829
MDF MUEBLES,MUEBLERIAS,-38.899853,-70.0656437
MDF MUEBLES,MUEBLERIAS,-38.8952976,-70.0632398
MDV (Matafuegos del Valle),SEGURIDAD INDUSTRIAL,-38.9568341,-68.2307432
Medio Limón,MARROQUINERIAS,-38.8286924,-68.13422
Medio Limón,MARROQUINERIAS,-38.8245761,-68.138965
MELINA,LENCERIAS,-38.9541418,-68.0514928
MENSAJERAS SPORT,TIENDAS,-38.938387,-67.9941604
MENSAJERAS SPORT,INDUMENTARIA DEPORTIVA,-38.9378206,-67.9979235
MERCADO 24.7,ALMACEN DE RAMOS GENERALES,-39.9236389,-71.0761344
MERCADO CEFERINO,ALMACEN DE RAMOS GENERALES,-38.5238888,-70.3640077
MERCADO DE MATERIALES S.R.L.,CORRALONES - MADERERAS,-38.9557421,-68.2416298
MERCADO EL SOL,MERCADOS - AUTOSERVICIOS,-38.9444521,-68.2241143
MERCADO FRAN,CARNICERIAS,-38.3516044,-68.7874869
MERCADO LA BUENA ONDA,MERCADOS - AUTOSERVICIOS,-38.8198137,-68.0593994
MERCADO TONY,MERCADOS - AUTOSERVICIOS,-38.9266862,-69.2389613
MERCADOS PATAGONICOS,SUPERMERCADOS,-40.800251,-65.071375
MERCERIA Y LENCERIA MARY,LENCERIAS,-38.9765405,-67.8469541
MI COLOR,PINTURERIAS,-38.9379966,-67.9957483
MI SUEÑO,COLCHONERIAS,-38.9575668,-68.0680468
Mi sueño año 2000,PANADERIAS Y CONFITERIAS,-38.8252758,-68.1383266
Mia Indumentaria,INDUMENTARIA FEMENINA,-38.938208,-67.99542
MICHACHEO NEUMATICOS,NEUMATICOS,-38.8989106,-70.0638554
MICHO,TIENDAS,-38.9416046,-67.9849281
MICHY JUNIORS,TIENDAS,-38.9815137,-67.8260129
MICHY MODAS,REGALERIAS,-38.9779777,-67.8258444
MIL COLORES,LENCERIAS,-38.8304357,-68.1363195
MIL ESKUSAS,BAZAR,-38.827752,-68.1442932
MILENIUM,TIENDAS,-38.9324282,-67.9875025
MIMITOS,BEBES - NIÑOS,-38.9331802,-69.2251316
MIMO & CO,INDUMENTARIA URBANA Y CALZADOS,-38.941163,-68.0652927
MINGOMAR,DECORACION- ARTICULOS PARA EL HOGAR,-38.9581146,-68.0665903
MINI MARKET S&E,MERCADOS - AUTOSERVICIOS,-38.9453699,-68.0824275
MINI MERCADO PANCHE,MERCADOS - AUTOSERVICIOS,-38.9237803,-68.1339889
MINI-ME,TIENDAS,-38.820358,-68.1448777
MIRA ME,TIENDAS,-38.8272834,-68.1353436
MIRELLE PERFUMERIA,PERFUMERIAS,-38.977754,-67.8283812
MIRO - LA LIBRERIA,LIBRERIAS ESCOLARES Y DE OFICINA,-38.9575927,-68.0579188
MIRO ALMACEN CREATIVO,FOTOCOPIAS - IMPRENTAS - IMPRESIONES,-38.9576169,-68.0574033
MIRTA,TIENDAS,-38.827752,-68.1442932
MISHA,TIENDAS,-38.9516784,-68.0591888
MISTRAL DEL ALTO,INDUMENTARIA URBANA Y CALZADOS,-38.9528625,-68.058542
MITAI,BEBES - NIÑOS,-38.937867,-67.997558
MK CATANIA,MERCADOS - AUTOSERVICIOS,-38.9506031,-68.053785
Moda Ludmila,INDUMENTARIA URBANA Y CALZADOS,-38.9421084,-68.1226792
MODAS ALEX,TIENDAS,-38.827752,-68.1442932
MODAS AYELEN,TIENDAS,-38.9468895,-68.2257873
MODAS BELEN,TIENDAS,-38.8264783,-68.1368222
MODAS CINTIA,TIENDAS,-37.3766036,-70.2734971
MODAS FLORES,TIENDAS,-38.9562274,-68.226055
MODAS JOEL,TIENDAS,-39.9505574,-71.0717837
MODAS JUDITH,TIENDAS,-38.8320777,-68.1489004
MODAS MARY,TIENDAS,-38.9448097,-68.1125103
MODAS NANCY,INDUMENTARIA URBANA Y CALZADOS,-39.9476433,-71.0667157
MODAS NOEMI,TIENDAS,-38.8272834,-68.1353436
MODAS ROJAS,TIENDAS,-39.5171295,-69.292049
MODAS SAMUEL,TIENDAS,-38.9374562,-69.2287252
MODAS YOBEF,INDUMENTARIA URBANA Y CALZADOS,-38.9376883,-69.2304414
MODAS ZARATE,TIENDAS,-38.8251223,-68.1385458
MODASHOP,BIJOUTERIE -ACCESORIOS,-38.9788427,-67.8294655
MODENA PATAGONICA,PINTURERIAS,-40.1528378,-71.3462703
MOHIKANOS,TIENDAS,-38.9013712,-70.0649656
MONIMAR'S,INDUMENTARIA URBANA Y CALZADOS,-38.937174,-69.228046
MONIQUE,LENCERIAS,-38.8281297,-68.0661977
MONTEMAR,LENCERIAS,-38.9577219,-68.0563449
MORELIA' S,RESTAURANTES - BARES - PARRILLAS,-38.9505399,-68.0628553
MOTO SPORT,MOTOS - VENTA Y REPUESTOS,-38.9335918,-69.2295859
MOTOMAN REPUESTOS,MOTOS- REPUESTOS,-38.9451559,-68.0799465
MOTOS DIEZ,MOTOS- REPUESTOS,-38.9765405,-67.8469541
MOVISTAR,TELEFONIA CELULAR,-38.951129,-68.059581
MOVISTAR,TELEFONIA CELULAR,-38.977754,-67.8283812
MOVISTAR,TELEFONIA CELULAR,-39.0287375,-67.5723228
MR.CHAPPLIN,REGALERIAS,-38.958594,-68.0595769
MS REPUESTOS,AUTOMOTOR- REPUESTOS - ACCESORIOS - AUTOPARTES,-38.9328326,-69.2223839
MUJERE'S,LENCERIAS,-38.9275553,-67.9905035
MUJERES By SILVANA,LENCERIAS,-38.9595776,-68.0926039
MUNDO COLOR,PINTURERIAS,-38.8998568,-70.0735339
MUNDO COLOR PINTURERIAS,PINTURERIAS,-38.9009807,-70.0652485
MUNDO REGALO FC,JUGUETERIAS,-39.9505245,-71.0700329
MUNDO REGALOS,JUGUETERIAS,-38.8280432,-68.0660466
MUNICIPALIDAD DE CENTENARIO,SERVICIOS,-38.8304965,-68.120719
MUNICIPALIDAD DE PLOTTIER,SERVICIOS,-38.9506296,-68.2258119
MUNSELL Pinturerias y Revestimientos,PINTURERIAS,-38.8368949,-68.1282424
MUNSELL Pinturerias y Revestimientos,PINTURERIAS,-38.8977267,-68.087415
MY PHONE,ACCESORIOS  Y REPARACION TELEFONIA CELULAR,-38.9516784,-68.0591888
MY PHONE,ACCESORIOS  Y REPARACION TELEFONIA CELULAR,-38.9549225,-68.0596175
MY PHONE,ACCESORIOS  Y REPARACION TELEFONIA CELULAR,-38.958436,-68.057462
NAMASTE,TIENDAS,-37.3894673,-68.9200802
NANO MOTOS,MOTOS- REPUESTOS,-38.94544,-68.1176572
NAPOLES,TIENDAS,-37.3899207,-68.920462
NARROW JEANS,TIENDAS,-38.9584443,-68.0561313
NATIVA,TIENDAS,-38.928914,-67.990673
NATTIVO,INDUMENTARIA URBANA Y CALZADOS,-38.8250864,-68.1382826
NECAM VIDRIOS,VIDRIERIAS,-38.9322335,-69.2309549
NEGRO JOSE MADERAS,CORRALONES - MADERERAS,-38.9503783,-68.1233348
NEMBIKE,BICICLETAS - RODADOS,-39.2367245,-70.9156472
NESTOR - JOYERIA Y RELOJERIA,JOYERIAS - RELOJERIAS,-38.954265,-68.0576969
NEUMACENTRO,NEUMATICOS,-38.9541485,-68.0687748
NEUMATICOS LA ROTONDA,TALLER DE ALINEACION Y BALANCEO,-38.9303118,-69.2114323
NEUQUEN MADERAS SRL,CORRALONES - MADERERAS,-38.9591866,-68.0632147
NEW KIDS SRL,BEBES - NIÑOS,-38.9400819,-67.9979489
NEW STYLE,TIENDAS,-38.9394829,-67.993612
NIEVES,TIENDAS,-38.9503584,-68.2256458
NIKEL GIRLS,TIENDAS,-38.9393059,-67.995936
NOR-JUAN,SUPERMERCADOS,-38.9381129,-69.2400891
NOSCOHUE,BAZAR,-38.952047,-68.2278663
NOSCOHUE MARROQUINERIA,MARROQUINERIAS,-38.9510613,-68.2263638
NOVA CALZADOS,ZAPATERIAS,-38.8288925,-68.0638816
NOX,TIENDAS,-38.9516784,-68.0591888
NOX,TIENDAS,-38.9396069,-67.998918
NOX,INDUMENTARIA URBANA Y CALZADOS,-40.1566581,-71.3504164
NUEVA CASA HIRIART,FERRETERIAS,-39.9530791,-71.0686008
NUEVA COMUNICACIONES,ACCESORIOS  Y REPARACION TELEFONIA CELULAR,-38.8243928,-68.1391474
NUEVA DIETETICA INTEGRAL,DIETETICAS,-38.9516784,-68.0591888
NUEVA DIETETICA INTEGRAL,DIETETICAS,-38.9417483,-68.1327358
NUEVA GENTE,LENCERIAS,-38.9377552,-69.2294588
NUEVA GENTE ORIGINAL,TIENDAS,-38.9342255,-69.2306371
NUEVA VEREA,FARMACIAS,-38.9587098,-68.2264656
NUEVA VISION,OPTICAS,-37.3939948,-68.9270849
NUEVO CENTRO MATERIALES Y SERVICIOS,FERRETERIA CON ANEXO CORRALON DE MATERIALES,-38.8368001,-68.1270291
NUEVO COMAHUE,PERFUMERIAS,-40.1562259,-71.3493949
Nuevo Corralón naciones Unidas,CORRALONES - MADERERAS,-38.9231773,-67.9673503
NUEVO RUCA HUENEY,RESTAURANTES - BARES - PARRILLAS,-39.951599,-71.07046
OBRA HOGAR,FERRETERIA CON ANEXO CORRALON DE MATERIALES,-38.9324259,-68.1392869
OCN,TIENDAS,-38.8261517,-68.0676216
OCRE,DECORACION- ARTICULOS PARA EL HOGAR,-40.8108283,-65.0943303
OFF SHOES,ZAPATERIAS,-38.953607,-67.9256988
OFICER LIBRERIA,LIBRERIAS ESCOLARES Y DE OFICINA,-38.9508904,-68.0594586
OH GLAMOUR BOUTIQUE,TIENDAS,-38.8272834,-68.1353436
OLI,INDUMENTARIA DEPORTIVA,-38.9288368,-67.9906728
OLIMPIA,INDUMENTARIA DEPORTIVA,-38.9391576,-67.9963585
OLIMPIA I,INDUMENTARIA DEPORTIVA,-38.9400117,-67.9921726
OMAR OCAMPO REPUESTOS,AUTOMOTOR- REPUESTOS - ACCESORIOS - AUTOPARTES,-38.8315129,-68.068727
ONDA SHOP,BIJOUTERIE -ACCESORIOS,-38.9483562,-68.2281594
ONE,INDUMENTARIA DEPORTIVA,-38.950623,-68.0614689
OPTICA ALCORTA,OPTICAS,-38.9583096,-68.0612832
OPTICA AUDILENT,OPTICAS,-38.9398075,-67.9919942
OPTICA CARLA CONTI,OPTICAS,-38.9364676,-67.9912537
OPTICA CIPOLLETTI,OPTICAS,-38.938624,-67.9982519
OPTICA COVRE,OPTICAS,-40.1560808,-71.348654
OPTICA CRISTAL,OPTICAS,-38.9539479,-68.0672904
OPTICA DEL OESTE,OPTICAS,-38.9419244,-68.1188595
OPTICA DEL SUR,OPTICAS,-38.938513,-67.999945
OPTICA DEL VALLE,OPTICAS,-38.9782715,-67.8255185
OPTICA DESIGN,OPTICAS,-38.9483562,-68.2281594
OPTICA FORESTIER,OPTICAS,-38.9417483,-68.1327358
OPTICA GLASS,OPTICAS,-38.9541767,-68.0603316
OPTICA JAVIER PARODI,OPTICAS,-38.9772515,-67.8300774
OPTICA LEGGERO,OPTICAS,-38.9449133,-68.1229266
OPTICA LENS,OPTICAS,-38.9515369,-68.0577299
OPTICA LIMAY,OPTICAS,-39.9491542,-71.0722709
OPTICA MENTE,OPTICAS,-38.9445001,-68.2325715
OPTICA MONTANA,OPTICAS,-40.1574195,-71.3491671
OPTICA MURANO,OPTICAS,-38.951768,-68.0561367
OPTICA NARANJO,OPTICAS,-38.9395376,-67.9934566
OPTICA NARANJO,OPTICAS,-38.9385933,-67.9989779
OPTICA NEUQUEN,OPTICAS,-38.9541418,-68.0514928
OPTICA ORIEN´S,OPTICAS,-39.0279209,-67.5718473
OPTICA PROOF,OPTICAS,-38.951866,-68.0575447
OPTICA SARMIENTO,OPTICAS,-38.9516784,-68.0591888
OPTICA SARMIENTO,OPTICAS,-38.9579742,-68.0595486
OPTICA SOCIAL I.M.P.S.,OPTICAS,-38.9520784,-68.0687338
OPTICA VISUAL,OPTICAS,-38.9338153,-69.2305324
OPTICA WOLF,OPTICAS,-38.9521196,-68.0587871
OPTICA WOLF,OPTICAS,-38.9389125,-67.9970321
OPTICENT,OPTICAS,-38.8310701,-68.1219687
OPTIMAX,OPTICAS,-38.9458059,-68.0666202
OPTINOVA,OPTICAS,-38.9506769,-68.2274795
OPUS PINTURERIA,PINTURERIAS,-38.9359282,-68.1174699
ORIGAMI,COTILLONES Y REPOSTERIAS,-39.9495141,-71.0724905
ORIGAMI,FLORERIAS - FLORES - PLANTAS,-38.952112,-68.062113
ORIGENES - LA VICTORIA,INDUMENTARIA URBANA Y CALZADOS,-38.938771,-67.9954929
ORTOPEDIA CARAHUE,ORTOPEDIA Y TRAUMATOLOGIA,-38.9533747,-68.0633897
ORTOPEDIA DEL SUR,ORTOPEDIA Y TRAUMATOLOGIA,-38.9407372,-67.9984094
ORTOPEDIA MADSEN,ORTOPEDIA Y TRAUMATOLOGIA,-38.9027489,-70.0622614
OSCAR REPUESTOS,AUTOMOTOR- REPUESTOS - ACCESORIOS - AUTOPARTES,-38.9336298,-67.9876886
OSIEL ROPA INFORMAL,TIENDAS,-38.9402282,-69.2281749
OTTORINO PAN SRL,FERRETERIA CON ANEXO CORRALON DE MATERIALES,-38.9404404,-67.9904875
OTTORINO PAN SRL,FERRETERIA CON ANEXO CORRALON DE MATERIALES,-38.9572781,-68.0530813
OVNI,TIENDAS,-38.9483562,-68.2281594
OZONO MODAS,TIENDAS,-39.0142004,-68.4297709
PALCAZU CELL COM,TELEFONIA CELULAR,-37.3939948,-68.9270849
PANDILLA,TIENDAS,-38.9377552,-69.2294588
PANGUI,TIENDAS,-38.9788444,-67.8300829
PAPALOTE,BEBES - NIÑOS,-38.938856,-67.99052
PAPELERA LODIVAR,PAPELERAS,-38.9350309,-69.2291597
PARA TI,TIENDAS,-38.8272834,-68.1353436
PARA VESTIR SANTOS (Y NO TAN SANTOS),BEBES - NIÑOS,-40.1566067,-71.3483708
PARADA 57,BAR - CONFITERIA,-38.9571306,-68.057702
PARADISE CITY,TIENDAS,-38.9279285,-67.9905009
PARADOR DEL LAGO,RESTAURANTES - BARES - PARRILLAS,-38.884881,-71.17511
PARADOR LA CUARTA,RESTAURANTES - BARES - PARRILLAS,-40.7954074,-65.058501
Parces,INDUMENTARIA MASCULINA,-38.9393839,-67.9976579
PARENTELA´S,TIENDAS,-40.0482871,-70.0754465
PASCUALA,TIENDAS,-38.939672,-67.99667
PASCUALE SHOP,TIENDAS,-38.9217687,-67.9844493
PASCUALE WOMAN,INDUMENTARIA FEMENINA,-38.9217687,-67.9844493
PATA NEGRA CHOCOLATES,CHOCOLATERIAS,-40.1567985,-71.35083
PATA PATA,ZAPATERIAS,-40.1567002,-71.3495861
PATAGON,MERCADOS - AUTOSERVICIOS,-40.1550202,-71.3458316
PATAGONIA BUENA VISTA,OPTICAS,-39.0295687,-67.5670955
PATAGONIA RODEO,TALABARTERIAS,-39.951542,-71.0704403
PATAGONIA SERVICARS,LUBRICENTROS,-38.9450737,-68.1048592
PATAGONYKUS EXTREME,ALQUILER IND Y ACCESORIOS PARA SKI,-40.158094,-71.353553
PATO REPUESTOS,AUTOMOTOR- REPUESTOS - ACCESORIOS - AUTOPARTES,-38.9350521,-69.229249
PENCILS,LIBRERIAS ESCOLARES Y DE OFICINA,-38.9371583,-69.2279211
PEPA,MERCERIA,-39.9505016,-71.0753748
PEPE BIDART,ZAPATERIAS,-40.1545666,-71.3490364
PER - TUTTI MODAS,TIENDAS,-38.8349072,-68.050452
PERFUMERIA CUFER,COSMETICA TERMAL,-38.9230169,-67.9976416
PERFUMERIA NEUQUEN,PERFUMERIAS,-38.9483562,-68.2281594
PERFUMERIA NEUQUEN,PERFUMERIAS,-38.955824,-68.2262245
PESCADO RABIOSO,PESCADERIA,-38.9497058,-68.2260812
PET SHOP Y FORRAJERIA VISTA ALEGRE,FORRAJERIAS-SEMILLERIAS,-38.7576285,-68.1595645
PETIT PANDA,INDUMENTARIA URBANA Y CALZADOS,-38.938193,-67.9975609
PETIT PANDA,INDUMENTARIA URBANA Y CALZADOS,-38.9528619,-68.0585011
PICURU VIAJES Y TURISMO,AGENCIAS DE VIAJES  Y TURISMO,-39.951877,-71.0694654
PINTURERIA APOLO,PINTURERIAS,-38.933144,-68.001644
PINTURERIA CENTER,PINTURERIAS,-38.9597763,-68.0757504
PINTURERIA COLOR MIX,PINTURERIAS,-38.9550918,-68.0821713
PINTURERIA COLORAMA,PINTURERIAS,-38.9598711,-68.0637862
PINTURERIA COLORI,PINTURERIAS,-38.9418747,-68.1176401
PINTURERIA EL DANTE,PINTURERIAS,-38.9590649,-68.071254
PINTURERIA EL DANTE,PINTURERIAS,-38.950461,-68.1091194
PINTURERIA EL DANTE,PINTURERIAS,-38.938771,-67.9954929
PINTURERIA EL DANTE,PINTURERIAS,-38.829528,-68.130807
PINTURERIA EL DANTE,PINTURERIAS,-39.0309889,-67.5762508
PINTURERIA EL DANTE,PINTURERIAS,-38.9067476,-68.0940585
PINTURERIA ESPAÑA,PINTURERIAS,-38.9565984,-68.239067
PINTURERÍA MEDITERRÁNEA,PINTURERIAS,-38.9379028,-67.9848134
PINTURERIA MITRE,PINTURERIAS,-38.9570242,-68.0521156
PINTURERIA PATAGONIA,PINTURERIAS,-38.9582599,-68.064852
PINTURERIA PATAGONIA,PINTURERIAS,-38.9350689,-68.2478264
PINTURERIA PLOTTIER,PINTURERIAS,-38.9567556,-68.2356239
PINTURERIAS CENTER,PINTURERIAS,-38.9312598,-67.9875975
PINTURERIAS CENTER,PINTURERIAS,-38.8280708,-68.0659526
PINTURERIAS COLOR SUR,PINTURERIAS,-40.1544608,-71.3433979
PINTURERIAS DEL CENTRO,PINTURERIAS,-38.8985546,-70.061665
PINTURERIAS DEL CENTRO,PINTURERIAS,-40.1545489,-71.3513149
PINTURERIAS DEL CENTRO,PINTURERIAS,-39.9507912,-71.0686696
PINTURERIAS DEL CENTRO,PINTURERIAS,-37.3760576,-70.2718396
Pinturteria Casco Viejo,PINTURERIAS,-38.8302198,-68.1177798
Piojos y Piojitos,BEBES - NIÑOS,-40.1543738,-71.3489663
PIRAMIDE MUEBLES,MUEBLERIAS,-38.9572427,-68.0540965
PIRAMIDE MUEBLES,MUEBLERIAS,-38.9483562,-68.2281594
PIRAMIDE MUEBLES,MUEBLERIAS,-39.0121963,-68.4321955
PIZZA BAR,PIZZERIAS,-40.1572323,-71.347973
PLANET BIKE,BICICLETAS - RODADOS,-38.9566198,-68.0664415
PLASTICOS FLO-BEL,TAPICERIAS,-38.9591643,-68.0605287
PLASTICOS FLO-BEL,TAPICERIAS,-38.9315128,-67.9879666
PLATERITO,LIBRERIAS ESCOLARES Y DE OFICINA,-38.9540845,-68.0512687
PLENITUD,TIENDAS,-39.9516792,-71.074847
PLUM TEJIDOS,ARTESANIAS Y TEJIDOS,-40.1580328,-71.3541664
PLUS KASSUAL,TIENDAS,-38.9444139,-68.2257922
PM COMPUTACION,COMPUTACION,-38.9563145,-68.226118
POLIPACK ALLEN,LIBRERIAS ESCOLARES Y DE OFICINA,-38.9776736,-67.8281722
POLLOS NEHUEN,MERCADOS - AUTOSERVICIOS,-40.1572103,-71.3524436
POSITIVE VIEWS,INDUMENTARIA URBANA Y CALZADOS,-40.1575482,-71.3495866
POSTA CRIOLLA,RESTAURANTES - BARES - PARRILLAS,-40.1575431,-71.3489191
PRAGELATO,HELADERIAS,-40.1587077,-71.3522022
PRESSTIGE,TIENDAS,-38.9508024,-68.0606591
PRO SALUD,DIETETICAS,-38.9247578,-67.9875339
PROPET SUPER DE MASCOTAS,VETERINARIAS - ACCESORIOS PARA MASCOTAS,-38.9591173,-68.0496372
PROPET SUPER DE MASCOTAS,VETERINARIAS - ACCESORIOS PARA MASCOTAS,-38.9504443,-68.1132594
PROPET SUPER DE MASCOTAS,VETERINARIAS - ACCESORIOS PARA MASCOTAS,-38.9566729,-68.2370061
PROPET SUPER DE MASCOTAS,VETERINARIAS - ACCESORIOS PARA MASCOTAS,-38.944474,-67.9908764
PST,ARTESANIAS Y TEJIDOS,-40.1572663,-71.3515678
PUMA - PARADOR CENTENARIO,ESTACIONES DE SERVICIO,-38.827752,-68.1442932
PUMA ENERGY,ESTACIONES DE SERVICIO,-37.3939948,-68.9270849
PUNTO FERRETERO,FERRETERIAS,-39.9535149,-71.0767681
PUNTO V CALZADOS,ZAPATERIAS,-37.3900647,-68.9239528
PUNTO Y LANAS PATY,LANAS,-38.9040852,-70.0641718
PURO ESCABIO,MERCADO Y VENTA DE BEBIDAS ALCOHOLICAS,-38.9544668,-68.0661138
QUESOS Y FIAMBRES SUYAI,FIAMBRERIAS,-38.9476959,-68.2253935
QUILLEN,SUPERMERCADOS,-39.2370516,-70.9135872
QUILLEN,SUPERMERCADOS,-38.938771,-67.9954929
QUIMA,ZAPATERIAS,-38.938755,-69.2314061
QUIPAR SUPERMERCADO,SUPERMERCADOS,-38.879939,-71.1848888
R A SANITARIOS,FERRETERIAS,-38.95773,-68.2263955
RADIADORES ALIANZA,AUTOMOTOR- REPUESTOS - ACCESORIOS - AUTOPARTES,-38.9303837,-69.2190096
RADIADORES CENTENARIO,AUTOMOTOR- REPUESTOS - ACCESORIOS - AUTOPARTES,-38.8419821,-68.1287369
RADIADORES NEUQUEN,RADIADORES Y TANQUES DE NAFTA,-38.9603989,-68.049155
RAHUE AMOBLAMIENTOS,MUEBLERIAS,-38.8231535,-68.0651568
RAMIRO SPORT,VAQUERIAS Y ROPA INFORMAL,-38.8262861,-68.0665738
RANCH,TIENDAS,-38.9483562,-68.2281594
RANCH OFERTAS,TIENDAS,-38.8311857,-68.1201526
RASER LUZ,FERRETERIAS,-38.9663977,-68.0596076
REBO REFRIGERACION,REFRIGERACION,-38.9520319,-68.057096
REGALERIA ALCANTARA,POLIRRUBROS - KIOSCOS,-38.8322577,-68.138376
REGALERIA DE LOS ANDES,REGALERIAS,-39.9513309,-71.0686496
RELOJERIA JK,JOYERIAS - RELOJERIAS,-38.8252367,-68.0676268
RELOJERIA SCORPIO,JOYERIAS - RELOJERIAS,-38.9378503,-67.9977742
RELOJERIA TAURO,JOYERIAS - RELOJERIAS,-38.8244703,-68.1396626
RENATA,INDUMENTARIA FEMENINA,-40.1544108,-71.3490167
RENOQUEN,AUTOMOTOR- REPUESTOS - ACCESORIOS - AUTOPARTES,-38.9591734,-68.066981
REPARACIONES ENTIZNE,MAQUINAS DE COSER VENTA - REPARACION,-38.9567975,-68.0703218
REPUESTOS AÑELO,AUTOMOTOR- REPUESTOS - ACCESORIOS - AUTOPARTES,-38.3545422,-68.7734601
REPUESTOS ELIZALDE,AUTOMOTOR- REPUESTOS - ACCESORIOS - AUTOPARTES,-40.153832,-71.339335
REPUESTOS MARTÍN,AUTOMOTOR- REPUESTOS - ACCESORIOS - AUTOPARTES,-38.8366147,-68.1394318
REPUESTOS NEUREP,AUTOMOTOR- REPUESTOS - ACCESORIOS - AUTOPARTES,-38.9605671,-68.0565148
REPUESTOS PEUQUEN SRL,AUTOMOTOR- REPUESTOS - ACCESORIOS - AUTOPARTES,-38.959207,-68.0534226
REPUESTOS SAN JUAN,MOTOS - VENTA Y REPUESTOS,-38.9603731,-68.0608303
RETRO,TIENDAS,-38.938562,-67.9939809
RG MOTOS,MOTOS - VENTA Y REPUESTOS,-38.8288382,-68.1330765
RG ZINGUERIA,SERVICIOS,-40.1550215,-71.3452128
RIM TV,REPARACION Y VENTA DE ARTICULOS DE ELECTRONICA,-38.958448,-68.062839
RINCON DEL BAZAR,ARTICULOS DE CAMPING-CAZA-PESCA,-37.3897004,-68.9251589
RINCON ENCANTADO,ARTESANIAS Y TEJIDOS,-40.1565802,-71.3501847
RIO BIKE,BICICLETAS - RODADOS,-38.9604731,-68.2246119
ROCA LIBROS,LIBROS LITERATURA Y TEXTOS,-39.0279242,-67.575492
ROCA LUNAR,REGALERIAS,-38.9370421,-69.2305266
ROCIO,TIENDAS,-38.9230913,-67.9877378
ROCKERIA MITRE,DISQUERIAS,-38.9572901,-68.0568011
ROCKERIA MITRE,DISQUERIAS,-38.9575929,-68.056736
RODANDO PILCHA,BEBES - NIÑOS,-40.1566479,-71.353946
RODRIGO Y GISELA COIFFEUR,PELUQUERIAS,-38.9528322,-68.1172944
ROEL,TIENDAS,-38.9577395,-68.2377298
ROJO MATERIALES,CORRALONES - MADERERAS,-38.978248,-67.8236319
Roller Make,DECORACION- ARTICULOS PARA EL HOGAR,-38.8308992,-68.1368475
ROMARO LENCERIA,LENCERIAS,-38.9355116,-69.2293189
rous indumentaria,INDUMENTARIA FEMENINA,-39.9506453,-71.0674441
RUAJ INDUMENTARIA,INDUMENTARIA FEMENINA,-39.9515825,-71.0731561
RUBEN MORADO DISTRIBUCIONES,ARTICULOS DE PELUQUERIA,-38.9621616,-68.0733018
RUCA MELY - HUENEY,TIENDAS,-38.9372004,-69.2282571
RUCA PORÁ,VETERINARIAS - ACCESORIOS PARA MASCOTAS,-38.8244235,-68.125725
RUFFINA,TIENDAS,-38.9351134,-68.2332964
RULITO,COTILLONES Y REPOSTERIAS,-38.9578279,-68.0664974
RUN SPORT,INDUMENTARIA DEPORTIVA,-39.0132482,-68.430629
Rústica Home,REGALERIAS,-38.9384124,-67.9876963
SAEM S.A.,ESTACIONAMIENTO,-38.9539249,-68.0602223
SALON SECRET UNISEX,SPA-ESTETICA-PILATES-SALONES DE BELLEZA,-38.829093,-68.1346811
SALTA VIOLETA,LENCERIAS,-40.1569362,-71.3494349
SAN CEFERINO,FARMACIAS,-38.9701957,-68.0732983
SAN SEBASTIAN,FLORERIAS - FLORES - PLANTAS,-38.8285138,-68.1295603
SANTERIA GANESHA,SANTERIAS,-39.0274849,-67.5837602
SANTERIA SAN JORGE,SANTERIAS,-38.9580619,-68.053957
SAUCO,BAR - CONFITERIA,-39.9501985,-71.071359
SAYHUEQUE FERRETERIA,FERRETERIAS,-38.8309399,-68.1385789
SCOMBRO,TIENDAS,-38.9595776,-68.0926039
Se Feliz,TIENDAS,-38.8199429,-68.145531
SEDERIAS CAROL,SEDERIAS - TELAS - ARTICULOS TEXTILES,-38.937557,-67.997997
SELYAZ,ELECTRICIDAD - ILUMINACION,-38.9582828,-68.0684803
SENDERO SUR TIENDA DE BICICLETAS,BICICLETAS - RODADOS,-39.9515825,-71.0731561
SENECA,COLEGIOS - INSTITUTOS,-38.952576,-68.0415837
SER UNICA,TIENDAS,-38.9399665,-67.9964634
SEXFUN,VENTA DE ARTICULOS  EROTICOS Y ACCESORIOS,-38.945971,-68.0528676
SHELL,ESTACIONES DE SERVICIO,-38.9787079,-67.8226542
SHELL - LA COLONIA,ESTACIONES DE SERVICIO,-38.9572751,-68.2270325
SHELL - LA COLONIA,ESTACIONES DE SERVICIO,-38.9509781,-68.0747219
SHELL - LA COLONIA,ESTACIONES DE SERVICIO,-38.9600361,-68.0663644
SHELL - LA COLONIA,ESTACIONES DE SERVICIO,-38.9451399,-68.1003324
SHELL - LA COLONIA,ESTACIONES DE SERVICIO,-39.0306041,-67.564158
SHELL - LA COLONIA S.A,ESTACIONES DE SERVICIO,-39.0913987,-67.086212
SHELL CENTENARIO,ESTACIONES DE SERVICIO,-38.8248206,-68.1324031
SHYNE,TIENDAS,-38.8312015,-68.1367537
SIDDHARTHA,LIBROS LITERATURA Y TEXTOS,-38.9387139,-67.9980076
SIETE COLORES,TIENDAS,-40.156652,-71.350389
SIGLO 21,COTILLONES Y REPOSTERIAS,-38.9573279,-68.0661279
SIGLO 21 DEL OESTE,PAPELERAS,-38.9418981,-68.1163227
SIGMUND,RESTAURANTES - BARES - PARRILLAS,-39.9513772,-71.0759697
SIMON,TIENDAS,-38.828397,-68.064416
SOL OPTICA,OPTICAS,-38.9530679,-68.057029
SOLDAR SRL,FERRETERIAS,-38.8376241,-68.1288556
SOLIDO,INDUMENTARIA URBANA Y CALZADOS,-38.9516784,-68.0591888
SOLVING S.R.L,TELEFONIA Y COMUNICACIONES,-38.9365942,-67.9917067
SOMOS PET SHOP,ACCESORIOS PARA MASCOTAS,-38.9591985,-68.0523754
SOÑADO AMANECER,TIENDAS,-38.957143,-68.2377975
SOPIRLO CUTRAL JEANS,INDUMENTARIA MASCULINA,-38.9313074,-69.2312731
SOR JUANA,TIENDAS,-38.9382385,-67.9975781
SOUL,INDUMENTARIA URBANA Y CALZADOS,-40.1560461,-71.3497895
SOUTH SNEACKERS,TIENDAS,-38.9549672,-68.0605257
SOUTH STORE,TIENDAS,-38.9531772,-68.2257661
SOUTH STYLE,TIENDAS,-38.9483562,-68.2281594
SPIRIT PATAGONIA,INDUMENTARIA DEPORTIVA,-40.1561394,-71.3483924
SPORTMAN NEWS,INDUMENTARIA MASCULINA,-38.9577219,-68.060631
SR. DESCANSO,BLANCO,-40.1552514,-71.3502025
Sstore,TIENDAS,-39.013254,-68.430629
STYLO RODRIGUEZ,TIENDAS,-38.9335173,-69.2284413
SU TALABARTERIA,TALABARTERIAS,-38.9375371,-67.9925753
SUPER ANGEL,SUPERMERCADOS,-38.9566496,-68.2406578
SUPER REAL,SUPERMERCADOS,-38.9617,-68.2433913
SUPERMERCADO  TODO,SUPERMERCADOS,-41.1174722,-71.4039272
SUPERMERCADO BELGRANO,SUPERMERCADOS,-38.9505973,-68.1050641
SUPERMERCADO CAPRIOLO,SUPERMERCADOS,-38.9697013,-68.0706812
SUPERMERCADO ECO,SUPERMERCADOS,-38.9603669,-68.2399477
SUPERMERCADO EL SOL,SUPERMERCADOS,-40.8079675,-65.0869209
SUPERMERCADO EXPRESS,SUPERMERCADOS,-38.9506821,-68.0824315
SUPERMERCADO LA FAMILIA,MERCADOS - AUTOSERVICIOS,-38.9236244,-67.9845706
SUPERMERCADO LANDETE II,SUPERMERCADOS,-37.3539674,-70.2666467
SUPERMERCADO NANO,SUPERMERCADOS,-37.374249,-70.2655551
SUPERMERCADO PITTY,MERCADOS - AUTOSERVICIOS,-38.678624,-68.2189681
SUPERMERCADO QUILLEN,SUPERMERCADOS,-38.9391388,-69.2344155
SUPERMERCADO QUILLEN,SUPERMERCADOS,-39.0121963,-68.4321955
SUPERMERCADO QUILLEN.1,SUPERMERCADOS,-39.2406209,-70.9159312
SUPERMERCADO QUILLEN.2,SUPERMERCADOS,-39.2385818,-70.9191781
SUPERMERCADO ROCA,SUPERMERCADOS,-38.9503695,-68.2377368
SUPERMERCADO TODO,SUPERMERCADOS,-41.127297,-71.3520147
SUPERMERCADO TODO,SUPERMERCADOS,-41.0992349,-71.4468032
SUPERMERCADO TODO,SUPERMERCADOS,-41.1355498,-71.3110502
SUPERMERCADO TODO,SUPERMERCADOS,-40.7623264,-71.642616
SUPERMERCADO TODO,SUPERMERCADOS,-42.0511071,-71.1663256
SUPERMERCADO TODO,SUPERMERCADOS,-39.9494374,-71.0749872
SUPERMERCADO TODO,SUPERMERCADOS,-42.063053,-71.5988534
SUPERMERCADO TODO,SUPERMERCADOS,-40.1537528,-71.3409481
SUPERMERCADO TODO,SUPERMERCADOS,-40.1368509,-71.287138
SUPERMERCADO TODO,SUPERMERCADOS,-40.7559157,-71.6556803
SUPERMERCADO TODO,SUPERMERCADOS,-41.1335174,-71.2968997
SUPERMERCADO TODO,SUPERMERCADOS,-41.1591817,-71.4074639
SUPERMERCADO TODO,SUPERMERCADOS,-41.1476078,-71.3055625
SUPERMERCADO TODO,SUPERMERCADOS,-41.0718213,-71.1676873
SUPERMERCADO TODO,SUPERMERCADOS,-41.9550315,-71.5364499
SUPERMERCADO TODO,SUPERMERCADOS,-41.9690075,-71.5342315
SUPERMERCADOS QUILLEN,SUPERMERCADOS,-38.9354377,-69.2421025
SUPERMERCADOS QUILLEN,SUPERMERCADOS,-38.8796732,-71.1872083
SUR JOYAS,JOYERIAS - RELOJERIAS,-38.934113,-69.2299291
SURCO AGROPECUARIA,FORRAJERIAS-SEMILLERIAS,-38.8240029,-68.1401876
TACOS INTIMO,INDUMENTARIA URBANA Y CALZADOS,-40.1584321,-71.3523104
TAKO'S,ZAPATERIAS,-38.9483562,-68.2281594
TALABARTERIA EL MIRADOR,REGALERIAS,-38.9483562,-68.2281594
TALABARTERIA SAN FRANCISCO,TALABARTERIAS,-38.95753,-68.0574046
TALABARTERIA SAN FRANCISCO,TALABARTERIAS,-38.8273282,-68.1366836
TAMARA CODOMA ESTUDIO,PELUQUERIAS,-38.9461637,-68.063261
TAMARISCO,TIENDAS,-39.0290334,-67.5719013
TARRO`S DEPORTES,INDUMENTARIA DEPORTIVA,-38.977202,-67.8300632
TASSONE DEPORTES,TIENDAS,-40.1561118,-71.3483117
TASSONE DEPORTES,ZAPATERIAS,-38.9055838,-70.0632863
TATETI,REGALERIAS,-38.9773288,-67.8300937
TAXAR SRL,TALLER MECANICO,-38.9562677,-68.2426143
TECNOOPTICA,OPTICAS,-38.9516784,-68.0591888
TECNOOPTICA ZAPALA,OPTICAS,-38.9042459,-70.0635512
TEJIDOS PATY,TIENDAS,-38.9044586,-70.0638987
TELAS ESMERALDA,SEDERIAS - TELAS - ARTICULOS TEXTILES,-38.9301008,-67.9906174
TELAS PLOTTIER II,BLANCO,-38.9509633,-68.0640847
TEMO CONSTRUCCIONES,CORRALONES - MADERERAS,-38.82407,-68.055893
TENDENCIAS,TIENDAS,-38.6785743,-68.2138632
TEXTIL CORDILLERANA,SEDERIAS - TELAS - ARTICULOS TEXTILES,-38.9377513,-69.2286741
TIEMPO,JOYERIAS - RELOJERIAS,-38.9246734,-67.990359
TIEMPO ESTETICA MASCULINA Y FEMENINA,PELUQUERIAS,-38.9541685,-68.063872
TIENDA BANDIDO,INDUMENTARIA URBANA Y CALZADOS,-38.8230435,-68.0651939
TIENDA EDDI,BEBES - NIÑOS,-38.9483562,-68.2281594
TIENDA ELEGANCIA SHAYLEE,TIENDAS,-39.951542,-71.0704403
TIENDA FLORES,TIENDAS,-38.9354023,-69.2302591
TIENDA HUBERT,TIENDAS,-38.8239769,-68.1401524
TIENDA JAIRO,TIENDAS,-38.9347715,-69.2307527
Tienda keila,INDUMENTARIA URBANA Y CALZADOS,-38.824795,-68.1390197
TIENDA KIKA,TIENDAS,-37.3771391,-70.2725473
TIENDA LENNON,INDUMENTARIA URBANA Y CALZADOS,-40.1548194,-71.3485358
TIENDA LOLY,TIENDAS,-38.8262208,-68.0668528
TIENDA MARI,TIENDAS,-38.8273324,-68.1356191
TIENDA MARILI,TIENDAS,-38.827752,-68.1442932
TIENDA MARISOL,TIENDAS,-38.6786609,-68.2190092
TIENDA MOISES,TIENDAS,-37.3787721,-70.2717769
Tienda Muriel,LIBRERIAS ESCOLARES Y DE OFICINA,-38.8305419,-68.1576895
TIENDA PACHECO,INDUMENTARIA URBANA Y CALZADOS,-38.8247605,-68.0681137
TIENDA ROEL,TIENDAS,-39.0100404,-68.4276756
TIENDA ROMI,TIENDAS,-38.9267215,-67.9980383
TIENDA SITROC,TIENDAS,-38.9580828,-68.237703
TIENDA SOCO,TIENDAS,-38.9351431,-67.97907
TIENDA STEFANY,TIENDAS,-38.8322577,-68.138376
TIENDA Y MERCERIA BELGRANO,BIJOUTERIE -ACCESORIOS,-38.9688235,-68.0494602
TIENDA Y MERCERIA TITINA,MERCERIA,-38.9366485,-69.2289619
TIERRA DE OSOS,FORRAJERIAS-SEMILLERIAS,-38.939189,-67.973403
TIERRA DE OSOS 2,ALIMENTOS BALANCEADOS - MASCOTAS,-38.936318,-67.996812
TIERRA VIVA,MUEBLERIAS,-38.9516784,-68.0591888
TIMARK,INDUMENTARIA URBANA Y CALZADOS,-38.9407718,-68.054018
TINUVIEL,ZAPATERIAS,-40.1561264,-71.3487995
TIO PACO,SUPERMERCADOS,-38.9494337,-68.1175654
TizRoma,INDUMENTARIA URBANA Y CALZADOS,-38.937316,-69.2314824
TODO BEBES NQN,BEBES - NIÑOS,-38.9582365,-68.0535465
TODO DEPORTE,INDUMENTARIA DEPORTIVA,-38.9775349,-67.8300199
TODO EN COMPETICION,AUTOMOTOR- REPUESTOS - ACCESORIOS - AUTOPARTES,-38.9541497,-68.0510088
TODO FITNESS,INDUMENTARIA DEPORTIVA,-38.954377,-68.06598
TODO GAS Y AGUA,SERVICIOS EN GENERAL- GAS - LUZ - PINTURAS - ALBAÑILERIA,-38.9278316,-67.9983674
TODO HOGAR,ARTICULOS PARA EL HOGAR,-38.9783999,-67.8233478
TODO MUSICA,INSTRUMENTOS MUSICALES - VENTA,-38.9525605,-68.0589061
TODO OBRAS,CORRALONES - MADERERAS,-38.9342653,-69.2337092
TODO RENAULT,AUTOMOTOR- REPUESTOS - ACCESORIOS - AUTOPARTES,-38.9382384,-67.9901685
TOP MAN,INDUMENTARIA MASCULINA,-38.9506227,-68.0607962
TOPACIO,INDUMENTARIA FEMENINA,-38.939141,-67.997627
TOPACIO BOUTIQUE,INDUMENTARIA FEMENINA,-38.938771,-67.9954929
TORNERIA TOMINI,TORNERIAS,-38.8295346,-68.130829
TORNERIA Y BULONERIA AGROMEC,TORNERIAS,-38.827752,-68.1442932
TOTEM BIKES,BICICLETAS - RODADOS,-38.945875,-68.100889
TOUCH,INDUMENTARIA DEPORTIVA,-40.1568154,-71.3495018
TP INSUMOS,PERFUMERIAS,-40.8115828,-65.0893855
TRANSPORTE DANI,ARIDOS,-38.9475672,-68.22885
TRAVESIA,ARTICULOS DE CAMPING-CAZA-PESCA,-40.156972,-71.350873
TRES F,FERRETERIAS,-38.9324546,-69.2299861
TRIAL S.R.L.,SUPERMERCADOS,-38.9739174,-67.8233407
TRICOM,COMPUTACION,-38.9538377,-68.0574998
TROCADERO DEPORTES,INDUMENTARIA DEPORTIVA,-39.9516163,-71.0748243
TRONADOR,FERRETERIA CON ANEXO CORRALON DE MATERIALES,-38.9297036,-67.9943497
TTL,OPTICAS,-38.9517452,-68.0551887
TU ONDA,INDUMENTARIA URBANA Y CALZADOS,-39.238851,-70.917794
TUALANA,BIJOUTERIE -ACCESORIOS,-38.9581158,-68.0616785
TUERCOMANIA,AUTOMOTOR- REPUESTOS - ACCESORIOS - AUTOPARTES,-38.9591908,-68.0619103
Turismo Eugenio Colalongo EVT Leg 16241,AGENCIAS DE VIAJES  Y TURISMO,-38.8321798,-68.1228102
UKA,TIENDAS,-38.9584569,-68.059693
umel mercado natural,MERCADOS - AUTOSERVICIOS,-40.1527523,-71.3503075
UN CUARTO DE MILLA,AUTOMOTOR- REPUESTOS - ACCESORIOS - AUTOPARTES,-39.9535149,-71.0767681
UNIFORMES DACRIS,TIENDAS,-38.9585745,-68.0607097
UNIVERSO ELECTRÓNICA,COMPUTACION,-38.9576739,-68.0664973
UNSER TRAUM.,CAFETERÍA Y PASTELERÍA,-40.1555651,-71.3507602
URBAN KIDS,TIENDAS,-38.9387975,-67.9974721
URBANO,PERFUMERIAS,-37.377092,-70.2728976
UTILES,LIBRERIAS ESCOLARES Y DE OFICINA,-38.8229692,-68.1382092
V Y V INDUMENTARIA,TIENDAS,-39.9505643,-71.0738139
VAGÓ,LENCERIAS,-38.9572893,-68.0542599
VALE MODAS,TIENDAS,-38.9777181,-67.8297483
VALENTIN MOTOS,MOTOS- REPUESTOS,-38.9516784,-68.0591888
VALENTINA,INDUMENTARIA URBANA Y CALZADOS,-40.1576789,-71.3502974
VALENTINA CALZADOS,ZAPATERIAS,-38.9790046,-67.8224159
VALENTINO SKATE SHOP,INDUMENTARIA URBANA Y CALZADOS,-38.9334971,-69.2292797
VALERIA CALZADOS,ZAPATERIAS,-38.95845,-68.05962
VALERY,TIENDAS,-38.8288795,-68.1334544
VALERY DISEÑO Y ESTILO,TALLER DE COSTURA,-38.9294387,-67.9692569
VALQUIRIAS,TIENDAS,-38.9296241,-69.2358648
VER,TIENDAS,-38.9573619,-68.056437
VER MAS,OPTICAS,-38.953886,-68.064216
VERO TE VENDE,TIENDAS,-39.949896,-71.0721357
VERTIGO JEANS & SPORT,TIENDAS,-38.9276529,-67.9905023
VESTITE BONITO,INDUMENTARIA FEMENINA,-40.1495234,-71.3520979
VETERINARIA ARGENTINA,VETERINARIAS - ACCESORIOS PARA MASCOTAS,-38.9496536,-68.2309163
VETERINARIA DR. TANCO,VETERINARIAS - ACCESORIOS PARA MASCOTAS,-38.9591769,-68.0654859
VETERINARIA GODOY,VETERINARIAS - ACCESORIOS PARA MASCOTAS,-38.9438733,-68.11735
VETERINARIA OJO DE AGUA,VETERINARIAS - ACCESORIOS PARA MASCOTAS,-38.8285346,-68.0673098
VETERINARIA PICUNCHES,VETERINARIAS - ACCESORIOS PARA MASCOTAS,-38.8271497,-68.1380665
VIA SUR,AUTOMOTOR- REPUESTOS - ACCESORIOS - AUTOPARTES,-40.1540288,-71.3399877
VIA VISION,OPTICAS,-38.939468,-67.998099
VICKY,TIENDAS,-39.9495566,-71.0743736
VIDA SPORT,TIENDAS,-39.0279319,-67.5716297
VIDRIERIA AUSTRAL,VIDRIERIAS,-38.9318482,-67.9903415
VIDRIERIA PERU,VIDRIERIAS,-38.829093,-68.1346811
VIEJA DELI,BAR - CONFITERIA,-40.15873,-71.35247
Viena,INDUMENTARIA MASCULINA,-40.1536857,-71.3435377
VITACURA,MAQUINAS Y EQUIPOS INDUSTRIALES,-38.9597184,-68.0645751
VIVERO LA HERRADURA,FLORERIAS - FLORES - PLANTAS,-38.9571257,-68.0548334
VODEX,TIENDAS,-38.8883589,-70.0699664
WARMI STYLE,INDUMENTARIA URBANA Y CALZADOS,-38.81963,-68.14639
WELTY SA,FERRETERIAS,-38.959866,-68.071512
WESTLAND INSTITUTE,COLEGIOS - INSTITUTOS,-38.9480739,-68.1064659
WOLF CENTER,OPTICAS,-38.953952,-68.059561
WOLF CENTER,OPTICAS,-37.3914109,-68.9267768
WOLF CENTER,OPTICAS,-38.3516044,-68.7874869
WOLF CENTER - LA OPTICA,OPTICAS,-38.8271901,-68.1352312
XING XING,SUPERMERCADOS,-38.976285,-67.8297076
XIOMARA,INDUMENTARIA URBANA Y CALZADOS,-38.8191087,-68.1447616
XIOMARA CALZADOS,ZAPATERIAS,-38.958496,-68.060804
XL extra lindas,TIENDAS,-38.8302217,-68.0623062
YABAL ESTILO,BLANCO,-37.3937587,-68.9185094
YASE,INDUMENTARIA DEPORTIVA,-38.936416,-69.2310778
YERIMEN,ESPECTACULOS - VENTAS DE ENTRADAS,-38.9623231,-68.0685291
YES CENTRO DE INGLES,COLEGIOS - INSTITUTOS,-38.9511728,-68.1176882
YOKO MOTOS,MOTOS - VENTA Y REPUESTOS,-38.8229335,-68.064635
YOLICEL,ACCESORIOS  Y REPARACION TELEFONIA CELULAR,-38.945298,-68.100864
YOU,INDUMENTARIA FEMENINA,-38.9536199,-67.9257453
YPF,ESTACIONES DE SERVICIO,-38.947617,-68.045201
YPF,ESTACIONES DE SERVICIO,-38.9505124,-68.1007935
YPF,ESTACIONES DE SERVICIO,-38.9135801,-68.1721549
YPF,ESTACIONES DE SERVICIO,-38.9450639,-68.05851
YPF,ESTACIONES DE SERVICIO,-38.95958,-68.0407078
YPF,ESTACIONES DE SERVICIO,-38.9421701,-68.1124954
YPF - EL TRIANGULO,ESTACIONES DE SERVICIO,-38.9554548,-68.2209203
YPF SERVICOMPRAS,POLIRRUBROS - KIOSCOS,-38.9086224,-68.0796271
Z Z REGALERIA Y FRAGANCIAS,REGALERIAS,-39.951599,-71.07046
ZAPATERIA SCARLATA,ZAPATERIAS,-38.9777349,-67.8294849
ZH CANTING,RESTAURANTES - BARES - PARRILLAS,-38.9530018,-68.0571504
Ziba,INDUMENTARIA FEMENINA,-38.94034,-67.995164
ZIBA - INDUMENTARIA DEPORTIVA,INDUMENTARIA DEPORTIVA,-38.9373546,-69.2282424
ZINGUERIA DEL SUR,HOJALATERIA - ZINGUERIA,-38.9516784,-68.0591888
ZOE,TIENDAS,-38.9511291,-68.2263224
ZURITA ACCESORIOS - LUBRICANTES,AUTOMOTOR- REPUESTOS - ACCESORIOS - AUTOPARTES,-38.9349117,-69.23558
Zyon Comunicaciones,ARTICULOS PARA EL HOGAR,-38.957343,-68.0536219
Zyon Comunicaciones,ARTICULOS PARA EL HOGAR,-38.9516784,-68.0591888